URL,Version,Status,OIDs,Name,Title,Description,Used
http://dvmd.de/fhir/CodeSystem/kdl,2025,active,"1.2.276.0.76.5.553",CodeSystemKDL,CodeSystem Klinische Dokumentenklassen-Liste (Version 2025),"Diese CodeSystem-Ressource definiert alle in der Klinischen Dokumentenklassen-Liste aktuell gültigen Codes.","ValueSet/kdl-vs-2025"
http://fhir.de/CodeSystem/KontaktDiagnoseProzedur,1.5.4,active,,KontaktDiagnoseProzedur,KontaktDiagnoseProzedur,"Rolle/Relevanz von Diagnosen","ValueSet/AbrechnungsDiagnoseProzedur,ValueSet/DiagnoseTyp,ValueSet/Diagnosesubtyp"
http://fhir.de/CodeSystem/Kontaktebene,1.5.4,active,,Kontaktebene,Kontaktebene,"CodeSystem für die Ebene eines Kontaktes mit einer Gesundheitseinrichtung","ValueSet/kontaktebene-de"
http://fhir.de/CodeSystem/bfarm/ops,null,active,,OPS,OPS,"OPS Platzhalter-CodeSystem","ValueSet/ops-vs,ValueSet/pflegegrad-de"
http://fhir.de/CodeSystem/common-meta-tag-de,1.5.4,active,,CS_CommonMetaTag_De,CS Basisprofil Common Meta Tag DE,"Gebräuchliche Codes zur Kodierung von Resource.meta.tag","ValueSet/common-meta-tag-de"
http://fhir.de/CodeSystem/dgkev/Aufnahmeanlass,1.5.4,active,,CodeSystemAufnahmeanlass,CodeSystemAufnahmeanlass,"Aufnahmeanlass, Datenübermittlung nach § 301 Abs. 3 SGB V","ValueSet/AufnahmeanlassVS"
http://fhir.de/CodeSystem/dkgev/AufnahmegrundDritteStelle,1.5.4,active,,AufnahmegrundDritteStelle,AufnahmegrundDritteStelle,"Aufnahmegrund (3. Stelle), Datenübermittlung nach § 301 Abs. 3 SGB V","ValueSet/AufnahmegrundDritteStelleVS"
http://fhir.de/CodeSystem/dkgev/AufnahmegrundErsteUndZweiteStelle,1.5.4,active,,CodeSystemAufnahmegrundErsteUndZweiteStelle,CodeSystemAufnahmegrundErsteUndZweiteStelle,"Aufnahmegrund (1. und 2. Stelle), Datenübermittlung nach § 301 Abs. 3 SGB V","ValueSet/AufnahmegrundErsteUndZweiteStelleVS"
http://fhir.de/CodeSystem/dkgev/AufnahmegrundVierteStelle,1.5.4,active,,AufnahmegrundVierteStelle,AufnahmegrundVierteStelle,"Aufnahmegrund (4. Stelle), Datenübermittlung nach § 301 Abs. 3 SGB V","ValueSet/AufnahmegrundVierteStelleVS"
http://fhir.de/CodeSystem/dkgev/Fachabteilungsschluessel,1.5.4,active,,CodeSystemFachabteilungsschluessel,Fachabteilungsschluessel,"Fachabteilungen gemäß Anhang 1 der BPflV in der am 31.12.2003 geltenden Fassung","ValueSet/FachabteilungsschluesselVS"
http://fhir.de/CodeSystem/dkgev/Fachabteilungsschluessel-erweitert,1.5.4,active,,CodeSystemFachabteilungsschluesselErweitert,Fachabteilungsschluessel Erweitert,"Fachabteilungen gemäß Anhang 1 der BPflV in der am 31.12.2003 geltenden Fassung inkl. Spezialisierungen","ValueSet/FachabteilungsschluesselErweitert"
http://fhir.de/CodeSystem/gender-amtlich-de,1.5.4,active,,GenderAmtlichDE,amtliches Geschlecht,"Codes zur Erfassung des amtlichen Geschlechts auf Basis der Spezifikationen ""XPersonenstand - Elektronische Datenübermittlung im Personenstandswesen"" und ""Kassenärztliche Vereinigung-Datentransfer"" der KBV","ValueSet/ValueSet-GenderOtherDE"
http://fhir.de/CodeSystem/identifier-type-de-basis,1.5.4,active,,IdentifierTypeDeBasis,Identifier Type De Basis,"Liste der Identfikatorentypen des deutschen Basisprofils welche die Standardtypen ergänzen.","ValueSet/identifier-type-de-basis"
http://fhir.de/CodeSystem/kontaktart-de,1.5.4,active,,KontaktArtDe,KontaktArtDe,"Klassifizierung eines Kontaktes mit einer Gesundheitseinrichtung","ValueSet/kontaktart-de"
http://fhir.de/CodeSystem/versicherungsart-de-basis,1.5.4,active,,VersicherungsartDeBasis,VersicherungsartDeBasis,"Art der Versicherung bzw. des Kostenträgers.","ValueSet/valueset-VersicherungsartDeBasis"
http://gefyra.info/training/CodeSystem/ISiKBehandlungsergebnisRehaCS,0.1.0,active,,ISiKBehandlungsergebnisReha,,"Behandlungsergebnis Reha gemäß §301(4 UND 4A) SGB V. Diagnosenbezogene Bewertung des Behandlungsergebnisses für einen Versicherten/Berechtigten bei Entlassung aus der Reha-Maßnahme bzw. Stellung eines Antrags auf Verlängerung. Vgl. Schlüsseltabelle 2.71 Diagnose - Behandlungsergebnis.","ValueSet/ISiKBehandlungsergebnisReha"
http://gefyra.info/training/CodeSystem/ISiKBesondereBehandlungsformRehaCS,0.1.0,active,,ISiKBesondereBehandlungsformReha,,"Besondere Behandlungsform der Reha gemäß §301(4 UND 4A) SGB V. Vgl. Schlüsseltabelle 2.51 Besondere Behandlungsformen.","ValueSet/ISiKBesondereBehandlungsformReha"
http://gefyra.info/training/CodeSystem/ISiKEntlassformRehaCS,0.1.0,active,,ISiKEntlassformReha,,"ISiK Entlassform Reha. Beschreibt Form und ggf. Weiterbehandlung der Entlassung eines Versicherten/Berechtigten aus verwaltungs- und medizinischer Sicht. Vgl. Schlüsseltabelle 2.107 Entlassungsform.","ValueSet/ISiKEntlassformReha"
http://gefyra.info/training/CodeSystem/ISiKMDRRelevanzFormularCS,0.1.0,active,,ISiKMDRRelevanzFormular,,"","ValueSet/ISiKMDRRelevanzFormularVS"
http://gefyra.info/training/CodeSystem/ISiKMedikationsartCS,0.1.0,active,,ISiKMedikationsartCS,ISiK Medikationsart,"ISiK Therapiearten für Medikation","ValueSet/ISiKMedikationsartVS"
http://gefyra.info/training/CodeSystem/ISiKSubscriptionTopic,0.1.0,active,,ISiKSubscriptionTopic,ISiK-SubscriptionTopic,"Liste der aller SubscriptionTopics, die in ISiK verwendet werden können. Neben den merge-SubscriptionTopics sind auch die SubscriptionTopics für Updates der Ressourcen enthalten, die in ISiK verwendet werden können.","ValueSet/ISiKSubscriptionTopicVS"
http://gefyra.info/training/CodeSystem/ISiKUnterbrechungRehaCS,0.1.0,active,,ISiKUnterbrechungReha,,"ISiK Unterbrechung Reha. Dokumentiert die relevanten Gründe einer Unterbrechung einer Rehabilitationsmaßnahme im Einzelfall. Vgl. Schlüsseltabelle 2.111 Erläuterung zur Unterbrechung.","ValueSet/ISiKUnterbrechungReha"
http://hl7.org/fhir/CodeSystem/medication-statement-status,4.0.1,draft,"2.16.840.1.113883.4.642.4.1379",Medication Status Codes,Medication  status  codes,"Medication Status Codes","ValueSet/medication-statement-status"
http://hl7.org/fhir/CodeSystem/medication-status,4.0.1,draft,"2.16.840.1.113883.4.642.4.1380",Medication Status Codes,Medication  status  codes,"Medication Status Codes","ValueSet/medication-status"
http://hl7.org/fhir/CodeSystem/medicationrequest-intent,4.0.1,draft,"2.16.840.1.113883.4.642.4.1378",medicationRequest Intent,Medication request  intent,"MedicationRequest Intent Codes","ValueSet/medicationrequest-intent"
http://hl7.org/fhir/CodeSystem/medicationrequest-status,4.0.1,draft,"2.16.840.1.113883.4.642.4.1377",medicationrequest Status,Medicationrequest  status,"MedicationRequest Status Codes","ValueSet/medicationrequest-status"
http://hl7.org/fhir/account-status,4.0.1,draft,"2.16.840.1.113883.4.642.4.727",AccountStatus,AccountStatus,"Indicates whether the account is available to be used.","ValueSet/account-status"
http://hl7.org/fhir/address-type,4.0.1,active,"2.16.840.1.113883.4.642.4.70",AddressType,AddressType,"The type of an address (physical / postal).","ValueSet/address-type"
http://hl7.org/fhir/address-use,4.0.1,active,"2.16.840.1.113883.4.642.4.68",AddressUse,AddressUse,"The use of an address.","ValueSet/address-use"
http://hl7.org/fhir/administrative-gender,4.0.1,active,"2.16.840.1.113883.4.642.4.2",AdministrativeGender,AdministrativeGender,"The gender of a person used for administrative purposes.","ValueSet/administrative-gender"
http://hl7.org/fhir/allergy-intolerance-category,4.0.1,draft,"2.16.840.1.113883.4.642.4.134",AllergyIntoleranceCategory,AllergyIntoleranceCategory,"Category of an identified substance associated with allergies or intolerances.","ValueSet/allergy-intolerance-category"
http://hl7.org/fhir/allergy-intolerance-criticality,4.0.1,draft,"2.16.840.1.113883.4.642.4.130",AllergyIntoleranceCriticality,AllergyIntoleranceCriticality,"Estimate of the potential clinical harm, or seriousness, of a reaction to an identified substance.","ValueSet/allergy-intolerance-criticality"
http://hl7.org/fhir/allergy-intolerance-type,4.0.1,draft,"2.16.840.1.113883.4.642.4.132",AllergyIntoleranceType,AllergyIntoleranceType,"Identification of the underlying physiological mechanism for a Reaction Risk.","ValueSet/allergy-intolerance-type"
http://hl7.org/fhir/appointmentstatus,4.0.1,draft,"2.16.840.1.113883.4.642.4.485",AppointmentStatus,AppointmentStatus,"The free/busy status of an appointment.","ValueSet/appointmentstatus"
http://hl7.org/fhir/bundle-type,4.0.1,active,"2.16.840.1.113883.4.642.4.621",BundleType,BundleType,"Indicates the purpose of a bundle - how it is intended to be used.","ValueSet/bundle-type"
http://hl7.org/fhir/codesystem-content-mode,4.0.1,active,"2.16.840.1.113883.4.642.4.783",CodeSystemContentMode,CodeSystemContentMode,"The extent of the content of the code system (the concepts and codes it defines) are represented in a code system resource.","ValueSet/codesystem-content-mode"
http://hl7.org/fhir/codesystem-hierarchy-meaning,4.0.1,active,"2.16.840.1.113883.4.642.4.785",CodeSystemHierarchyMeaning,CodeSystemHierarchyMeaning,"The meaning of the hierarchy of concepts in a code system.","ValueSet/codesystem-hierarchy-meaning"
http://hl7.org/fhir/composition-attestation-mode,4.0.1,draft,"2.16.840.1.113883.4.642.4.239",CompositionAttestationMode,CompositionAttestationMode,"The way in which a person authenticated a composition.","ValueSet/composition-attestation-mode"
http://hl7.org/fhir/composition-status,4.0.1,draft,"2.16.840.1.113883.4.642.4.242",CompositionStatus,CompositionStatus,"The workflow/clinical status of the composition.","ValueSet/composition-status"
http://hl7.org/fhir/concept-property-type,4.0.1,active,"2.16.840.1.113883.4.642.4.781",PropertyType,PropertyType,"The type of a property value.","ValueSet/concept-property-type"
http://hl7.org/fhir/contact-point-system,4.0.1,active,"2.16.840.1.113883.4.642.4.72",ContactPointSystem,ContactPointSystem,"Telecommunications form for contact point.","ValueSet/contact-point-system"
http://hl7.org/fhir/contact-point-use,4.0.1,active,"2.16.840.1.113883.4.642.4.74",ContactPointUse,ContactPointUse,"Use of contact point.","ValueSet/contact-point-use"
http://hl7.org/fhir/days-of-week,4.0.1,active,"2.16.840.1.113883.4.642.4.513",DaysOfWeek,DaysOfWeek,"The days of the week.","ValueSet/days-of-week"
http://hl7.org/fhir/document-reference-status,4.0.1,draft,"2.16.840.1.113883.4.642.4.8",DocumentReferenceStatus,DocumentReferenceStatus,"The status of the document reference.","ValueSet/document-reference-status"
http://hl7.org/fhir/document-relationship-type,4.0.1,draft,"2.16.840.1.113883.4.642.4.245",DocumentRelationshipType,DocumentRelationshipType,"The type of relationship between documents.","ValueSet/document-relationship-type"
http://hl7.org/fhir/encounter-location-status,4.0.1,draft,"2.16.840.1.113883.4.642.4.263",EncounterLocationStatus,EncounterLocationStatus,"The status of the location.","ValueSet/encounter-location-status"
http://hl7.org/fhir/encounter-status,4.0.1,draft,"2.16.840.1.113883.4.642.4.247",EncounterStatus,EncounterStatus,"Current state of the encounter.","ValueSet/EncounterStatusDe,ValueSet/encounter-status"
http://hl7.org/fhir/event-status,4.0.1,draft,"2.16.840.1.113883.4.642.4.110",EventStatus,EventStatus,"Codes identifying the lifecycle stage of an event.","ValueSet/event-status"
http://hl7.org/fhir/event-timing,4.0.1,active,"2.16.840.1.113883.4.642.4.76",EventTiming,EventTiming,"Real world event relating to the schedule.","ValueSet/event-timing"
http://hl7.org/fhir/filter-operator,4.0.1,active,"2.16.840.1.113883.4.642.4.479",FilterOperator,FilterOperator,"The kind of operation to perform as a part of a property based filter.","ValueSet/filter-operator"
http://hl7.org/fhir/fm-status,4.0.1,draft,"2.16.840.1.113883.4.642.4.593",FinancialResourceStatusCodes,Financial Resource Status Codes,"This value set includes Status codes.","ValueSet/fm-status"
http://hl7.org/fhir/http-verb,4.0.1,active,"2.16.840.1.113883.4.642.4.625",HTTPVerb,HTTPVerb,"HTTP verbs (in the HTTP command line). See [HTTP rfc](https://tools.ietf.org/html/rfc7231) for details.","ValueSet/http-verb"
http://hl7.org/fhir/identifier-use,4.0.1,active,"2.16.840.1.113883.4.642.4.58",IdentifierUse,IdentifierUse,"Identifies the purpose for this identifier, if known .","ValueSet/identifier-use"
http://hl7.org/fhir/item-type,4.0.1,draft,"2.16.840.1.113883.4.642.4.445",QuestionnaireItemType,QuestionnaireItemType,"Distinguishes groups from questions and display text and indicates data type for questions.","ValueSet/item-type"
http://hl7.org/fhir/link-type,4.0.1,active,"2.16.840.1.113883.4.642.4.424",LinkType,LinkType,"The type of link between this patient resource and another patient resource.","ValueSet/link-type"
http://hl7.org/fhir/list-mode,4.0.1,draft,"2.16.840.1.113883.4.642.4.319",ListMode,ListMode,"The processing mode that applies to this list.","ValueSet/list-mode,ValueSet/MedikationsListeListModeVS"
http://hl7.org/fhir/list-status,4.0.1,draft,"2.16.840.1.113883.4.642.4.327",ListStatus,ListStatus,"The current state of the list.","ValueSet/list-status"
http://hl7.org/fhir/location-mode,4.0.1,draft,"2.16.840.1.113883.4.642.4.331",LocationMode,LocationMode,"Indicates whether a resource instance represents a specific location or a class of locations.","ValueSet/location-mode"
http://hl7.org/fhir/location-status,4.0.1,draft,"2.16.840.1.113883.4.642.4.333",LocationStatus,LocationStatus,"Indicates whether the location is still in use.","ValueSet/location-status"
http://hl7.org/fhir/name-use,4.0.1,active,"2.16.840.1.113883.4.642.4.66",NameUse,NameUse,"The use of a human name.","ValueSet/name-use"
http://hl7.org/fhir/narrative-status,4.0.1,draft,"2.16.840.1.113883.4.642.4.56",NarrativeStatus,NarrativeStatus,"The status of a resource narrative.","ValueSet/narrative-status"
http://hl7.org/fhir/observation-status,4.0.1,active,"2.16.840.1.113883.4.642.4.401",ObservationStatus,ObservationStatus,"Codes providing the status of an observation.","ValueSet/observation-status"
http://hl7.org/fhir/participantrequired,4.0.1,draft,"2.16.840.1.113883.4.642.4.489",ParticipantRequired,ParticipantRequired,"Is the Participant required to attend the appointment.","ValueSet/participantrequired"
http://hl7.org/fhir/participationstatus,4.0.1,draft,"2.16.840.1.113883.4.642.4.487",ParticipationStatus,ParticipationStatus,"The Participation status of an appointment.","ValueSet/participationstatus"
http://hl7.org/fhir/publication-status,4.0.1,active,"2.16.840.1.113883.4.642.4.4",PublicationStatus,PublicationStatus,"The lifecycle status of an artifact.","ValueSet/publication-status"
http://hl7.org/fhir/quantity-comparator,4.0.1,active,"2.16.840.1.113883.4.642.4.60",QuantityComparator,QuantityComparator,"How the Quantity should be understood and represented.","ValueSet/quantity-comparator"
http://hl7.org/fhir/questionnaire-answers-status,4.0.1,draft,"2.16.840.1.113883.4.642.4.448",QuestionnaireResponseStatus,QuestionnaireResponseStatus,"Lifecycle status of the questionnaire response.","ValueSet/questionnaire-answers-status"
http://hl7.org/fhir/questionnaire-enable-behavior,4.0.1,draft,"2.16.840.1.113883.4.642.4.1008",EnableWhenBehavior,EnableWhenBehavior,"Controls how multiple enableWhen values are interpreted -  whether all or any must be true.","ValueSet/questionnaire-enable-behavior"
http://hl7.org/fhir/questionnaire-enable-operator,4.0.1,draft,"2.16.840.1.113883.4.642.4.1006",QuestionnaireItemOperator,QuestionnaireItemOperator,"The criteria by which a question is enabled.","ValueSet/questionnaire-enable-operator"
http://hl7.org/fhir/reaction-event-severity,4.0.1,draft,"2.16.840.1.113883.4.642.4.136",AllergyIntoleranceSeverity,AllergyIntoleranceSeverity,"Clinical assessment of the severity of a reaction event as a whole, potentially considering multiple different manifestations.","ValueSet/reaction-event-severity"
http://hl7.org/fhir/request-priority,4.0.1,draft,"2.16.840.1.113883.4.642.4.116",RequestPriority,RequestPriority,"Identifies the level of importance to be assigned to actioning the request.","ValueSet/request-priority"
http://hl7.org/fhir/resource-types,4.0.1,active,,ResourceType,ResourceType,"One of the resource types defined as part of this version of FHIR.","ValueSet/resource-types"
http://hl7.org/fhir/search-entry-mode,4.0.1,active,"2.16.840.1.113883.4.642.4.623",SearchEntryMode,SearchEntryMode,"Why an entry is in the result set - whether it's included as a match or because of an _include requirement, or to convey information or warning information about the search process.","ValueSet/search-entry-mode"
http://hl7.org/fhir/slotstatus,4.0.1,draft,"2.16.840.1.113883.4.642.4.483",SlotStatus,SlotStatus,"The free/busy status of the slot.","ValueSet/slotstatus"
http://hl7.org/fhir/subscription-channel-type,4.0.1,draft,"2.16.840.1.113883.4.642.4.501",SubscriptionChannelType,SubscriptionChannelType,"The type of method used to execute a subscription.","ValueSet/subscription-channel-type"
http://hl7.org/fhir/subscription-notification-type,0.1.0,active,"2.16.840.1.113883.4.642.1.1524",SubscriptionNotificationTypeCS,SubscriptionNotificationType,"The type of notification represented by the status message.","ValueSet/subscription-notification-type"
http://hl7.org/fhir/subscription-status,4.0.1,draft,"2.16.840.1.113883.4.642.4.503",SubscriptionStatus,SubscriptionStatus,"The status of a subscription.","ValueSet/subscription-status"
http://ihe-d.de/CodeSystems/DeutscheDokumentenformate,2018-12-14T17:07:12,active,,DeutscheDokumentenformate,Deutsche Dokumentenformate,"","ValueSet/1.2.276.0.76.11.35--20181214170712"
http://ihe-d.de/CodeSystems/DokumentenWarnhinweise,2021-07-06T21:19:41,active,,DokumentenWarnhinweise,Dokumenten Warnhinweise,"","ValueSet/1.2.276.0.76.11.34--20210706211941"
http://ihe-d.de/CodeSystems/FallkontextBeiDokumentenerstellung,2021-07-06T21:19:41,active,,FallkontextBeiDokumentenerstellung,Fallkontext Bei Dokumentenerstellung,"","ValueSet/1.2.276.0.76.11.34--20210706211941"
http://ihe-d.de/CodeSystems/IHEXDSclassCode,2021-06-25T13:44:47,active,,IHEXDSclassCode, IHEXDSclassCode,"","ValueSet/1.2.276.0.76.11.32--20210625134447"
http://ihe-d.de/CodeSystems/IHEXDStypeCode,2020-02-07T07:55:58,active,,IHEXDStypeCode,IHEXDStypeCode,"","ValueSet/1.2.276.0.76.11.38--20200207075558"
http://ihe.net/fhir/ihe.formatcode.fhir/CodeSystem/formatcode,1.4.0,active,"1.3.6.1.4.1.19376.1.2.3",IHE_FormatCode_codesystem,IHE Format Code set for use with Document Sharing,"The [IHE](http://www.ihe.net) FormatCode code system with canonical URI of http://ihe.net/fhir/ihe.formatcode.fhir/CodeSystem/formatcode is defined to be the set of FormatCodes define by IHE, for use with [Document Sharing](https://profiles.ihe.net/ITI/HIE-Whitepaper/index.html). This code set additionally includes, as deprecated, format codes defined by [HL7 for some Implementation Guides](http://wiki.hl7.org/index.php?title=CDA_Format_Codes_for_IHE_XDS). The HL7 codes are now managed by HL7. The set of IHE FormatCode codes was listed in HITSP C80 Table 2-153 Format Code Value Set Definition, but since has been updated. The use of the FormatCode specifies the technical format of the document. The FormatCode tends to reference the IHE Content Profile (Implementation Guide) that defines the use-case and constraints. The FormatCode is a further specialization more detailed than the mime-type. The FormatCode provides sufficient metadata information to allow any potential document content consumer to know if it can process and/or display by identifying a document encoding, structure and template. The set of codes is intended to be preferred.","ValueSet/1.2.276.0.76.11.34--20210706211941"
http://loinc.org,3.1.0,active,"2.16.840.1.113883.6.1",LOINC,Logical Observation Identifiers, Names and Codes (LOINC),"LOINC provides a set of universal names and ID codes for identifying laboratory and clinical test results.1,2 LOINC facilitates the exchange and pooling of results, such as blood hemoglobin, serum potassium, or vital signs, for clinical care, outcomes management, and research. LOINC's universal identifiers (names and codes) can be used in the context of order and observation exchanges between information systems that use syntax standards such as HL73, CEN TC251, ISO TC215, ASTM4, and DICOM. Specifically, the identifier can be used as the coded value for an observation in any other standard that uses the observation/observation value paradigm, whether messages, documents, application programming interface (API), etc. For example, LOINC codes are used widely in the OBX segment Observation Identifier field (OBX-3) of an ORU HL7 (HL7 version 2.x or ASTM 1238-9410) message that may be sent between a Clinical Laboratory Information Management Systems (LIMS) and Electronic Health Record Systems (EHR).5, 6 In this way, LOINC codes provide universal identifiers that allow the exchange of clinical data between heterogeneous computing environments.","ValueSet/current-smoking-status-uv-ips,ValueSet/ObservationCodesPCT,ValueSet/glasgow-coma-score-eye,ValueSet/ObservationCodesCRP,ValueSet/document-classcodes,ValueSet/ISiKSpecificGenericTempLoincVS,ValueSet/doc-typecodes,ValueSet/1.2.276.0.76.11.38--20200207075558,ValueSet/questionnaire-questions,ValueSet/ISiKSpecificKernTempLoincVS,ValueSet/SchwangerschaftEtMethodeVS,ValueSet/observation-codes,ValueSet/EkgLeads,ValueSet/ObservationCodesGFR,ValueSet/glasgow-coma-score-motor,ValueSet/vs-mii-icu-code-monitoring-und-vitaldaten-loinc,ValueSet/ObservationCodesHb,ValueSet/c80-doc-typecodes,ValueSet/1.2.276.0.76.11.32--20210625134447,ValueSet/glasgow-coma-score-verbal,ValueSet/doc-section-codes,ValueSet/SchwangerschaftsstatusVS,ValueSet/StillstatusVS,ValueSet/ObservationCodesTSH,ValueSet/ObservationCodesSerumkreatinin,ValueSet/ObservationCodesTroponin,ValueSet/ObservationCodesThrombozyten"
http://snomed.info/sct,null,active,"2.16.840.1.113883.6.96",SNOMED_CT,SNOMED CT (all versions),"SNOMED CT is the most comprehensive and precise clinical health terminology product in the world, owned and distributed around the world by The International Health Terminology Standards Development Organisation (IHTSDO).","ValueSet/designation-use,ValueSet/procedure-followup,ValueSet/medication-form-codes,ValueSet/body-site,ValueSet/vs-mii-icu-method-observation-blutdruck,ValueSet/manifestation-or-symptom,ValueSet/ProzedurenKategorieSCT,ValueSet/procedure-code,ValueSet/EkgAbleitungenVS,ValueSet/medication-as-needed-reason,ValueSet/reason-medication-status-codes,ValueSet/SctRouteOfAdministration,ValueSet/substance-code,ValueSet/ISiKTerminPriority,ValueSet/DiagnosesSCT,ValueSet/VitalSignDE-Atemfrequenz-SNOMED-CT,ValueSet/allergyintolerance-code,ValueSet/vs-mii-icu-code-monitoring-und-vitaldaten-snomed,ValueSet/observation-methods,ValueSet/VitalSignDE-Herzfrequenz-SNOMED-CT,ValueSet/questionnaire-answers,ValueSet/clinical-findings,ValueSet/condition-stage,ValueSet/encounter-reason,ValueSet/VitalSignDE-Koerpertemperatur-SNOMED-CT,ValueSet/additional-instruction-codes,ValueSet/approach-site-codes,ValueSet/device-action,ValueSet/medication-codes,ValueSet/ConditionDiagnosisSeverity,ValueSet/reason-medication-not-given-codes,ValueSet/VitalSignDE-Sauerstoffsaettigung-SNOMED-CT,ValueSet/VitalSignDE-Koerpergroesse-SNOMED-CT,ValueSet/device-kind,ValueSet/VitalSignDE-Koerpergewicht-SNOMED-CT,ValueSet/performer-role,ValueSet/c80-practice-codes,ValueSet/referencerange-appliesto,ValueSet/route-codes,ValueSet/vs-mii-icu-bodysite-observation-monitoring-und-vitaldaten,ValueSet/ti-medication-snomed-ct-vs,ValueSet/procedure-outcome,ValueSet/procedure-reason,ValueSet/EncounterReasonCodes,ValueSet/procedure-category,ValueSet/condition-code,ValueSet/ProzedurenCodesSCT,ValueSet/condition-stage-type,ValueSet/procedure-not-performed-reason,ValueSet/ISiKKernTempSctVS,ValueSet/administration-method-codes,ValueSet/vs-mii-icu-bodysite-observation-blutdruck,ValueSet/VitalSignDE-Kopfumfang-SNOMED-CT,ValueSet/condition-severity"
http://terminology.hl7.org/CodeSystem/allergyintolerance-clinical,1.0.1,active,"2.16.840.1.113883.4.642.1.1373",AllergyIntoleranceClinicalStatusCodes,AllergyIntolerance Clinical Status Codes,"Preferred value set for AllergyIntolerance Clinical Status.","ValueSet/allergyintolerance-clinical"
http://terminology.hl7.org/CodeSystem/allergyintolerance-verification,1.0.1,active,"2.16.840.1.113883.4.642.1.1371",AllergyIntoleranceVerificationStatus,AllergyIntolerance Verification Status,"The verification status to support or decline the clinical status of the allergy or intolerance.","ValueSet/allergyintolerance-verification"
http://terminology.hl7.org/CodeSystem/appointment-cancellation-reason,2.1.1,active,"2.16.840.1.113883.4.642.1.1382",AppointmentCancellationReason,Appointment cancellation reason,"This example value set defines a set of reasons for the cancellation of an appointment.","ValueSet/ISiKTerminCancelationReason"
http://terminology.hl7.org/CodeSystem/common-tags,1.0.1,active,"2.16.840.1.113883.4.642.1.1067",CommonTags,Common Tags,"Common Tag Codes defined by FHIR project","ValueSet/common-tags"
http://terminology.hl7.org/CodeSystem/condition-category,2.0.0,active,"2.16.840.1.113883.4.642.1.1073",ConditionCategoryCodes,Condition Category Codes,"Preferred value set for Condition Categories.","ValueSet/condition-category"
http://terminology.hl7.org/CodeSystem/condition-clinical,3.0.0,active,"2.16.840.1.113883.4.642.1.1074",ConditionClinicalStatusCodes,Condition Clinical Status Codes,"Preferred value set for Condition Clinical Status.","ValueSet/condition-clinical"
http://terminology.hl7.org/CodeSystem/condition-ver-status,2.0.1,active,"2.16.840.1.113883.4.642.1.1075",ConditionVerificationStatus,ConditionVerificationStatus,"The verification status to support or decline the clinical status of the condition or diagnosis.","ValueSet/condition-ver-status"
http://terminology.hl7.org/CodeSystem/conformance-expectation,1.0.0,draft,"2.16.840.1.113883.4.642.1.1271",ConformanceExpectation,ConformanceExpectation,"Indicates the degree of adherence to a specified behavior or capability expected for a system to be deemed conformant with a specification.","ValueSet/conformance-expectation"
http://terminology.hl7.org/CodeSystem/contactentity-type,1.0.0,draft,"2.16.840.1.113883.4.642.1.1129",ContactEntityType,Contact entity type,"This example value set defines a set of codes that can be used to indicate the purpose for which you would contact a contact party.","ValueSet/contactentity-type"
http://terminology.hl7.org/CodeSystem/coverage-class,1.0.1,active,"2.16.840.1.113883.4.642.1.1147",CoverageClassCodes,Coverage Class Codes,"This value set includes Coverage Class codes.","ValueSet/coverage-class"
http://terminology.hl7.org/CodeSystem/coverage-copay-type,1.0.1,active,"2.16.840.1.113883.4.642.1.1149",CoverageCopayTypeCodes,Coverage Copay Type Codes,"This value set includes sample Coverage Copayment Type codes.","ValueSet/coverage-copay-type"
http://terminology.hl7.org/CodeSystem/data-absent-reason,1.0.0,active,"2.16.840.1.113883.4.642.4.1048",DataAbsentReason,DataAbsentReason,"Used to specify why the normally expected content of the data element is missing.","ValueSet/data-absent-reason"
http://terminology.hl7.org/CodeSystem/diagnosis-role,1.1.1,active,"2.16.840.1.113883.4.642.1.1054",DiagnosisRole,Diagnosis Role,"This value set defines a set of codes that can be used to express the role of a diagnosis on the Encounter or EpisodeOfCare record.","ValueSet/Diagnosesubtyp,ValueSet/diagnosis-role"
http://terminology.hl7.org/CodeSystem/diet,1.0.1,active,"2.16.840.1.113883.4.642.1.1091",Diet,Diet,"This value set defines a set of codes that can be used to indicate dietary preferences or restrictions a patient may have.","ValueSet/encounter-diet"
http://terminology.hl7.org/CodeSystem/discharge-disposition,1.0.1,active,"2.16.840.1.113883.4.642.1.1093",DischargeDisposition,Discharge disposition,"This value set defines a set of codes that can be used to where the patient left the hospital.","ValueSet/encounter-discharge-disposition"
http://terminology.hl7.org/CodeSystem/dose-rate-type,1.0.0,draft,"2.16.840.1.113883.4.642.1.1069",DoseAndRateType,DoseAndRateType,"The kind of dose or rate specified.","ValueSet/dose-rate-type"
http://terminology.hl7.org/CodeSystem/encounter-special-arrangements,1.0.1,active,"2.16.840.1.113883.4.642.1.1090",SpecialArrangements,Special arrangements,"This value set defines a set of codes that can be used to indicate the kinds of special arrangements in place for a patients visit.","ValueSet/encounter-special-arrangements"
http://terminology.hl7.org/CodeSystem/encounter-type,1.0.1,active,"2.16.840.1.113883.4.642.1.1088",EncounterType,Encounter type,"This example value set defines a set of codes that can be used to indicate the type of encounter: a specific code indicating type of service provided.","ValueSet/encounter-type"
http://terminology.hl7.org/CodeSystem/ex-coverage-financial-exception,1.0.1,active,"2.16.840.1.113883.4.642.1.1329",ExampleCoverageFinancialExceptionCodes,Example Coverage Financial Exception Codes,"This value set includes Example Coverage Financial Exception Codes.","ValueSet/coverage-financial-exception"
http://terminology.hl7.org/CodeSystem/list-empty-reason,1.0.1,active,"2.16.840.1.113883.4.642.1.1106",ListEmptyReasons,List Empty Reasons,"General reasons for a list to be empty. Reasons are either related to a summary list (i.e. problem or medication list) or to a workflow related list (i.e. consultation list).","ValueSet/list-empty-reason"
http://terminology.hl7.org/CodeSystem/list-example-use-codes,1.0.1,active,"2.16.840.1.113883.4.642.1.1105",ExampleUseCodesForList,Example Use Codes for List,"Example use codes for the List resource - typical kinds of use.","ValueSet/list-example-codes"
http://terminology.hl7.org/CodeSystem/list-order,2.0.0,active,"2.16.840.1.113883.4.642.1.1107",ListOrderCodes,List Order Codes,"Base values for the order of item lists in resources.","ValueSet/list-order"
http://terminology.hl7.org/CodeSystem/location-physical-type,2.0.1,active,"2.16.840.1.113883.4.642.1.1108",LocationType,Location type,"This example value set defines a set of codes that can be used to indicate the physical form of the Location.  This includes several 'non physical' codes which are still considered a location.","ValueSet/ISiKLocationPhysicalType,ValueSet/location-physical-type"
http://terminology.hl7.org/CodeSystem/med-admin-perform-function,1.0.1,active,"2.16.840.1.113883.4.642.1.1112",MedicationAdministrationPerformerFunctionCodes,MedicationAdministration Performer Function Codes,"MedicationAdministration Performer Function Codes","ValueSet/med-admin-perform-function"
http://terminology.hl7.org/CodeSystem/medication-admin-category,4.0.1,draft,"2.16.840.1.113883.4.642.4.1111",MedicationAdministration Category Codes,Medication administration  category  codes,"MedicationAdministration Category Codes","ValueSet/medication-admin-category"
http://terminology.hl7.org/CodeSystem/medication-admin-status,4.0.1,draft,"2.16.840.1.113883.4.642.4.1311",MedicationAdministration Status Codes,Medication administration  status  codes,"MedicationAdministration Status Codes","ValueSet/medication-admin-status"
http://terminology.hl7.org/CodeSystem/medication-statement-category,4.0.1,draft,"2.16.840.1.113883.4.642.4.1120",Medication usage category codes,Medication usage category codes,"Medication Status Codes","ValueSet/medication-statement-category"
http://terminology.hl7.org/CodeSystem/medicationrequest-category,1.0.0,draft,"2.16.840.1.113883.4.642.1.1323",MedicationRequestCategoryCodes,MedicationRequest Category Codes,"MedicationRequest Category Codes","ValueSet/medicationrequest-category"
http://terminology.hl7.org/CodeSystem/medicationrequest-course-of-therapy,1.0.1,active,"2.16.840.1.113883.4.642.1.1327",MedicationRequestCourseOfTherapyCodes,MedicationRequest Course of Therapy Codes,"MedicationRequest Course of Therapy Codes","ValueSet/medicationrequest-course-of-therapy"
http://terminology.hl7.org/CodeSystem/medicationrequest-status-reason,1.0.1,active,"2.16.840.1.113883.4.642.1.1325",MedicationRequestStatusReasonCodes,MedicationRequest Status Reason Codes,"MedicationRequest Status Reason Codes","ValueSet/medicationrequest-status-reason"
http://terminology.hl7.org/CodeSystem/observation-category,2.0.0,active,"2.16.840.1.113883.4.642.1.1125",ObservationCategoryCodes,Observation Category Codes,"Observation Category codes.","ValueSet/observation-category"
http://terminology.hl7.org/CodeSystem/organization-type,2.0.1,active,"2.16.840.1.113883.4.642.1.1128",OrganizationType,Organization type,"This example value set defines a set of codes that can be used to indicate a type of organization.","ValueSet/organization-type"
http://terminology.hl7.org/CodeSystem/participant-type,1.0.1,active,"2.16.840.1.113883.4.642.1.1089",ParticipantType,Participant type,"This value set defines a set of codes that can be used to indicate how an individual participates in an encounter.","ValueSet/encounter-participant-type"
http://terminology.hl7.org/CodeSystem/program,1.0.1,active,"2.16.840.1.113883.4.642.1.1384",Program,Program,"This value set defines an example set of codes that could be can be used to classify groupings of service-types/specialties.","ValueSet/program"
http://terminology.hl7.org/CodeSystem/reason-medication-given,1.0.1,active,"2.16.840.1.113883.4.642.1.1110",ReasonMedicationGivenCodes,Reason Medication Given Codes,"This value set is provided as an example. The value set to instantiate this attribute should be drawn from a robust terminology code system that consists of or contains concepts to support the medication process.","ValueSet/reason-medication-given-codes"
http://terminology.hl7.org/CodeSystem/referencerange-meaning,1.0.1,active,"2.16.840.1.113883.4.642.1.1124",ObservationReferenceRangeMeaningCodes,Observation Reference Range Meaning Codes,"This value set defines a set of codes that can be used to indicate the meaning/use of a reference range for a particular target population.","ValueSet/referencerange-meaning"
http://terminology.hl7.org/CodeSystem/risk-probability,1.0.1,active,"2.16.840.1.113883.4.642.1.1133",RiskProbability,Risk Probability,"Codes representing the likelihood of a particular outcome in a risk assessment.","ValueSet/risk-probability"
http://terminology.hl7.org/CodeSystem/service-category,1.1.1,active,"2.16.840.1.113883.4.642.1.1144",ServiceCategory,Service category,"This value set defines an example set of codes that can be used to classify groupings of service-types/specialties.","ValueSet/service-category"
http://terminology.hl7.org/CodeSystem/service-provision-conditions,1.0.1,active,"2.16.840.1.113883.4.642.1.1143",ServiceProvisionConditions,ServiceProvisionConditions,"The code(s) that detail the conditions under which the healthcare service is available/offered.","ValueSet/service-provision-conditions"
http://terminology.hl7.org/CodeSystem/service-referral-method,1.0.1,active,"2.16.840.1.113883.4.642.1.1142",ReferralMethod,ReferralMethod,"The methods of referral can be used when referring to a specific HealthCareService resource.","ValueSet/service-referral-method"
http://terminology.hl7.org/CodeSystem/service-type,1.1.1,active,"2.16.840.1.113883.4.642.1.1145",ServiceType,Service type,"This value set defines an example set of codes of service-types.","ValueSet/service-type"
http://terminology.hl7.org/CodeSystem/subscriber-relationship,1.0.1,active,"2.16.840.1.113883.4.642.1.1386",SubscriberRelationshipCodes,SubscriberPolicyholder Relationship Codes,"This value set includes codes for the relationship between the Subscriber and the Beneficiary (insured/covered party/patient).","ValueSet/subscriber-relationship"
http://terminology.hl7.org/CodeSystem/usage-context-type,2.0.1,active,"2.16.840.1.113883.4.642.1.1068",UsageContextType,UsageContextType,"A code that specifies a type of context being specified by a usage context.","ValueSet/usage-context-type"
http://terminology.hl7.org/CodeSystem/v2-0092,2.1.0,active,"2.16.840.1.113883.18.36",ReAdmissionIndicator,re-admissionIndicator,"Code system of concepts which are used to specify that a patient is being re admitted to a healthcare facilityin from which they were discharged, and indicates the circumstances around such re-admission.  Used in HL7 Version 2.x messagine in the PV1 segment.","ValueSet/v2-0092"
http://terminology.hl7.org/CodeSystem/v2-0116,2.2.0,active,"2.16.840.1.113883.18.47",BedStatus,bedStatus,"Code system of concepts which specify the state of a bed in an inpatient setting, and is used to determine if a patient may be assigned to it or not.  Used in HL7 Version 2.x messaging in the DLD and PV1 segments.","ValueSet/v2-0116"
http://terminology.hl7.org/CodeSystem/v2-0131,2.1.0,active,"2.16.840.1.113883.18.58",ContactRole2,contactRole2,"Code system of concepts which specify a relationship role that the next of kin/associated parties plays with regard to the patient. Also used in referrals, for example, it may be necessary to identify the contact representative at the clinic that sent a referral. Used in HL7 Version 2 messaging in the NK1 and CTD segments after 2.5, when it replace 2.16.840.1.113883.18.57.","ValueSet/relatedperson-relationshiptype,ValueSet/patient-contactrelationship"
http://terminology.hl7.org/CodeSystem/v2-0203,5.0.0,active,"2.16.840.1.113883.18.108",IdentifierType,identifierType,"HL7-defined code system of concepts specifying type of identifier. Used in HL7 Version 2.x messaging data types CX, PLN, PPN, XCN and XON.","ValueSet/identifier-type,ValueSet/identifier-type-de-basis"
http://terminology.hl7.org/CodeSystem/v2-0276,2.1.0,active,"2.16.840.1.113883.18.169",AppointmentReason,appointmentReason,"Code system of concepts used to describe the kind of appointment or the reason why an appointment has been scheduled.  Used in HL7 Version 2.x messaging in the ARQ segment.","ValueSet/v2-0276"
http://terminology.hl7.org/CodeSystem/v2-0532,2.1.0,active,"2.16.840.1.113883.18.347",ExpandedYesNoIndicator,expandedYes-NoIndicator,"HL7-defined code system of concepts used to specify an expansion on the original Yes/No indicator table by including ""flavors of null"".  It is intended to be applied to fields where the response is not limited to ""yes"" or ""no"".  Used in numerous locations in HL7 Version 2.x messaging.","ValueSet/yes-no-unknown-not-asked"
http://terminology.hl7.org/CodeSystem/v3-ActCode,9.0.0,active,"2.16.840.1.113883.5.4",ActCode,ActCode,"A code specifying the particular kind of Act that the Act-instance represents within its class.    *Constraints:* The kind of Act (e.g. physical examination, serum potassium, inpatient encounter, charge financial transaction, etc.) is specified with a code from one of several, typically external, coding systems. The coding system will depend on the class of Act, such as LOINC for observations, etc.    Conceptually, the Act.code must be a specialization of the Act.classCode. This is why the structure of ActClass domain should be reflected in the superstructure of the ActCode domain and then individual codes or externally referenced vocabularies subordinated under these domains that reflect the ActClass structure.    Act.classCode and Act.code are not modifiers of each other but the Act.code concept should really imply the Act.classCode concept. For a negative example, it is not appropriate to use an Act.code ""potassium"" together with and Act.classCode for ""laboratory observation"" to somehow mean ""potassium laboratory observation"" and then use the same Act.code for ""potassium"" together with Act.classCode for ""medication"" to mean ""substitution of potassium"". This mutually modifying use of Act.code and Act.classCode is not permitted.","ValueSet/account-type,ValueSet/ISiKAccountType,ValueSet/v3-ActCode,ValueSet/EncounterClassDE,ValueSet/v3-ActEncounterCode"
http://terminology.hl7.org/CodeSystem/v3-ActPriority,3.0.0,active,"2.16.840.1.113883.5.7",ActPriority,ActPriority,"A set of codes (e.g., for routine, emergency), specifying the urgency under which the Act happened, can happen, is happening, is intended to happen, or is requested/demanded to happen.","ValueSet/v3-ActPriority"
http://terminology.hl7.org/CodeSystem/v3-ActReason,3.1.0,active,"2.16.840.1.113883.5.8",ActReason,ActReason,"A set of codes specifying the motivation, cause, or rationale of an Act, when such rationale is not reasonably represented as an ActRelationship of type ""has reason"" linking to another Act.    *Examples:* Example reasons that might qualify for being coded in this field might be: ""routine requirement"", ""infectious disease reporting requirement"", ""on patient request"", ""required by law"".","ValueSet/v3-SubstanceAdminSubstitutionReason"
http://terminology.hl7.org/CodeSystem/v3-Confidentiality,3.0.0,active,"2.16.840.1.113883.5.25",Confidentiality,Confidentiality,"A set of codes specifying the security classification of acts and roles in accordance with the definition for concept domain ""Confidentiality"".","ValueSet/ISiKConfidentialityCodes,ValueSet/v3-ConfidentialityClassification"
http://terminology.hl7.org/CodeSystem/v3-EncounterSpecialCourtesy,3.0.0,active,"2.16.840.1.113883.5.40",EncounterSpecialCourtesy,EncounterSpecialCourtesy,"**** MISSING DESCRIPTION ****","ValueSet/encounter-special-courtesy"
http://terminology.hl7.org/CodeSystem/v3-EntityNamePartQualifier,3.0.0,active,"2.16.840.1.113883.5.43",EntityNamePartQualifier,EntityNamePartQualifier,"*OpenIssue:* Needs description","ValueSet/name-part-qualifier"
http://terminology.hl7.org/CodeSystem/v3-EntityNamePartQualifierR2,3.0.0,active,"2.16.840.1.113883.5.1122",EntityNamePartQualifierR2,EntityNamePartQualifierR2,"**Description:**The qualifier is a set of codes each of which specifies a certain subcategory of the name part in addition to the main name part type. For example, a given name may be flagged as a nickname, a family name may be a pseudonym or a name of public records.","ValueSet/name-part-qualifier"
http://terminology.hl7.org/CodeSystem/v3-GTSAbbreviation,3.0.0,active,"2.16.840.1.113883.5.1022",GTSAbbreviation,GTSAbbreviation,"*Open Issue:* It appears that the printnames are suboptimal and should be improved for many of the existing codes.","ValueSet/timing-abbreviation"
http://terminology.hl7.org/CodeSystem/v3-MaritalStatus,3.0.0,active,"2.16.840.1.113883.5.2",MaritalStatus,MaritalStatus,"\* \* \* No description supplied \* \* \*    *Open Issue:* The specific meanings of these codes can vary somewhat by jurisdiction and implementation so caution should be used when determining equivalency.    *Open Issue:* fixing and completion of the hierarchy and proper good definitions of all the concepts is badly needed.","ValueSet/marital-status"
http://terminology.hl7.org/CodeSystem/v3-NullFlavor,3.0.0,active,"2.16.840.1.113883.5.1008",NullFlavor,NullFlavor,"A collection of codes specifying why a valid value is not present.","ValueSet/valueset-VersicherungsartDeBasis,ValueSet/marital-status,ValueSet/encounter-special-courtesy"
http://terminology.hl7.org/CodeSystem/v3-ObservationInterpretation,3.0.0,active,"2.16.840.1.113883.5.83",ObservationInterpretation,ObservationInterpretation,"One or more codes providing a rough qualitative interpretation of the observation, such as ""normal"" / ""abnormal"", ""low"" / ""high"", ""better"" / ""worse"", ""resistant"" / ""susceptible"", ""expected"" / ""not expected"". The value set is intended to be for ANY use where coded representation of an interpretation is needed.","ValueSet/observation-interpretation"
http://terminology.hl7.org/CodeSystem/v3-ParticipationType,5.0.0,active,"2.16.840.1.113883.5.90",ParticipationType,ParticipationType,"A code specifying the meaning and purpose of every Participation instance. Each of its values implies specific constraints on the Roles undertaking the participation.","ValueSet/encounter-participant-type"
http://terminology.hl7.org/CodeSystem/v3-RoleCode,3.0.0,active,"2.16.840.1.113883.5.111",RoleCode,RoleCode,"A set of codes further specifying the kind of Role; specific classification codes for further qualifying RoleClass codes.","ValueSet/relatedperson-relationshiptype,ValueSet/v3-ServiceDeliveryLocationRoleType"
http://terminology.hl7.org/CodeSystem/v3-TimingEvent,3.0.0,active,"2.16.840.1.113883.5.139",TimingEvent,TimingEvent,"**** MISSING DESCRIPTION ****","ValueSet/event-timing"
http://terminology.hl7.org/CodeSystem/v3-substanceAdminSubstitution,3.0.0,active,"2.16.840.1.113883.5.1070",SubstanceAdminSubstitution,Substance Admin Substitution,"Identifies what sort of change is permitted or has occurred between the therapy that was ordered and the therapy that was/will be provided.","ValueSet/v3-ActSubstanceAdminSubstitutionCode"
http://unitsofmeasure.org,3.0.1,active,"2.16.840.1.113883.6.8",UCUM,Unified Code for Units of Measure (UCUM),"The Unified Code for Units of Measure (UCUM) is a code system intended to include all units of measures being contemporarily used in international science, engineering, and business. The purpose is to facilitate unambiguous electronic communication of quantities together with their units. The focus is on electronic communication, as opposed to communication between humans. A typical application of The Unified Code for Units of Measure are electronic data interchange (EDI) protocols, but there is nothing that prevents it from being used in other types of machine communication.","ValueSet/ObservationUnitsTSH,ValueSet/DosageDoseQuantityDE,ValueSet/ObservationUnitsHb,ValueSet/ObservationUnitsThrombozyten,ValueSet/UcumVitalsCommonDE,ValueSet/ObservationUnitsCRP,ValueSet/ObservationUnitsPCT,ValueSet/units-of-time,ValueSet/VitalSignDE-Body-Weigth-UCUM,ValueSet/ObservationUnitsSerumkreatinin,ValueSet/ObservationUnitsTroponin,ValueSet/ObservationUnitsGFR,ValueSet/VitalSignDE-Body-Length-UCUM"
urn:ietf:bcp:47,2.0.1,active,"2.16.840.1.113883.6.121",Ietf3066,Tags for the Identification of Languages,"Older value from OID registry.  Superceded; see recommendations in BCP-47.","ValueSet/languages"
urn:iso:std:iso:11073:10101,20250520,active,"2.16.840.1.113883.6.24",Mdc,ISO/IEEE 11073 Medical Device Communication Nomenclature,"The nomenclature relates primarily to vital signs monitoring, but also includes semantics of other medical devices that are commonly used in acute care settings. There are multiple coding partitions each of which has a systematic name consisting of a set of base concepts and differentiating criteria.","ValueSet/vs-mii-icu-code-monitoring-und-vitaldaten-iso11073"
urn:iso:std:iso:3166,1.0.1,active,"1.0.3166.1",ISO3166Part1,ISO 3166-1 Codes for the representation of names of countries and their subdivisions — Part 1: Country code,"ISO 3166-1 establishes codes that represent the current names of countries, dependencies, and other areas of particular geopolitical interest, on the basis of country names obtained from the United Nations.","ValueSet/jurisdiction,ValueSet/iso3166-1-2"
urn:iso:std:iso:3166-2:de,1.5.4,active,,CodeSystemISO31662DE,ISO-3166-2:de-Laendercodes,"Die Liste der ISO-3166-2:DE Codes für Deutschland enthält die Codes für die deutschen Länder.","ValueSet/ValueSetISO31662DE"
urn:iso:std:iso:3166:-2,1.0.1,active,"1.0.3166.2",ISO3166Part2,ISO 3166-2 Codes for the representation of names of countries and their subdivisions — Part 2: Country subdivision code,"ISO 3166-2 establishes a code that represents the names of the principal administrative divisions, or similar areas, of the countries and entities included in ISO 3166-1.","ValueSet/jurisdiction"
urn:oid:1.2.36.1.2001.1001.101.104.16592,4.0.1,draft,"1.2.36.1.2001.1001.101.104.16592,2.16.840.1.113883.4.642.4.321",PatientMedicineChangeTypes,Patient Medicine Change Types,"Example Item Flags for the List Resource. In this case, these are the kind of flags that would be used on a medication list at the end of a consultation.","ValueSet/list-item-flag"
