Source File	Size	loadResources	load	generateSnapshots	load-configure	scan	loadDepInfo	loadInfo	checkR4R4B	generateNarratives	validate	loadLists	checkConformanceResources	checkConformanceResources2	checkConformanceResources3	generateLogicalMaps	validateExpressions	scanForUsageStats	checkURLsUnique	processProvenanceDetails	generate1	generate2	responsesForQuestionnaire	generateLogicals	makeDependencies	generateExampleZip	generateValidationPack	scanProfilesForR5	scanExamplesForR5
/fsh-generated/resources/ImplementationGuide-info.gefyra.training.json	234353	-	0	0	1	0	0	0	27	63	0	0	0	0	0	0	0	2	0	0	340	518	0	0	0	0	24	0	2
fsh-generated/resources/Account-AbrechnungsfallDRG.json	1735	5	0	0	0	0	0	0	0	1154	0	0	0	0	0	0	0	0	0	0	19	15	0	0	0	1	0	0	0
fsh-generated/resources/Account-AbrechnungsfallGonarthrose.json	744	3	0	0	0	0	0	0	0	3	0	0	0	0	0	0	0	0	0	0	16	8	0	0	0	0	0	0	0
fsh-generated/resources/Account-SZ1DRGFall.json	1568	7	0	0	0	0	0	0	0	4	0	0	0	0	0	0	0	0	0	0	18	10	0	0	0	0	0	0	0
fsh-generated/resources/Account-SZ2DRGFall.json	1659	6	0	0	0	0	0	0	0	4	0	0	0	0	0	0	0	0	0	0	18	12	0	0	0	0	0	0	0
fsh-generated/resources/AllergyIntolerance-ISiKAllergieUnvertraeglichkeitBeispiel1.json	1860	4	0	0	0	0	0	0	1	23	0	0	0	0	0	0	0	0	0	0	18	17	0	0	0	0	0	0	0
fsh-generated/resources/Appointment-ISiKTerminExample.json	1349	4	0	0	0	0	0	0	0	446	0	0	0	0	0	0	0	0	0	0	18	14	0	0	0	0	0	0	0
fsh-generated/resources/Appointment-ISiKTerminExampleExtendedICU.json	1496	4	0	0	0	0	0	0	0	4	0	0	0	0	0	0	0	0	0	0	17	10	0	0	0	0	0	0	0
fsh-generated/resources/Binary-Binary-JPEG-Example-short.json	129	3	0	0	0	0	0	0	0	0	0	0	0	0	0	0	0	0	0	0	14	15	0	0	0	0	0	0	0
fsh-generated/resources/Binary-Binary-JPEG-Example.json	35611	2	0	0	0	0	0	0	0	0	0	0	0	0	0	0	0	0	0	0	51	23	0	0	0	0	0	0	0
fsh-generated/resources/Binary-Binary-PDF-Example-short.json	216	3	0	0	0	0	0	0	0	0	0	0	0	0	0	0	0	0	0	0	11	9	0	0	0	0	0	0	0
fsh-generated/resources/Binary-Binary-PDF-Example.json	11854	2	0	0	0	0	0	0	0	0	0	0	0	0	0	0	0	0	0	0	20	11	0	0	0	0	0	0	0
fsh-generated/resources/Bundle-ExampleISiKMedikationTransaction.json	3640	4	16	0	0	0	0	0	1	323	0	0	0	0	0	0	0	0	0	0	15	36	0	0	0	0	0	0	0
fsh-generated/resources/Bundle-ExampleISiKMedikationTransactionResponse.json	3719	4	3	0	0	0	0	0	0	5	0	0	0	0	0	0	0	0	0	0	21	21	0	0	0	0	0	0	0
fsh-generated/resources/Bundle-ISiKBundle-Example.json	5176	4	12	0	1	0	0	0	0	5	0	0	0	0	0	0	0	0	0	0	21	15	0	0	0	0	0	0	0
fsh-generated/resources/Bundle-SubscriptionNotificationBundleExample.json	3344	3	3	0	0	0	0	0	1	39	0	0	0	0	0	0	0	0	0	0	18	12	0	0	0	0	0	0	0
fsh-generated/resources/Bundle-Suchergebnis-Beispiel.json	3513	4	8	0	0	0	0	0	0	659	0	0	0	0	0	0	0	0	0	0	21	15	0	0	0	0	0	0	0
fsh-generated/resources/Bundle-Szenario1.json	14333	7	10	0	0	0	0	0	1	39	0	0	0	0	0	0	0	0	0	0	27	32	0	0	0	0	0	0	0
fsh-generated/resources/Bundle-Szenario2.json	9619	5	5	0	0	0	0	0	1	11	0	0	0	0	0	0	0	0	0	0	32	27	0	0	0	0	0	0	0
fsh-generated/resources/CapabilityStatement-ISiKCapabilityStatementAMTSAkteur.json	6643	4	0	0	0	0	1	0	1	11	0	0	0	0	0	0	0	0	0	0	26	23	0	0	0	0	0	0	0
fsh-generated/resources/CapabilityStatement-ISiKCapabilityStatementAMTSRolle.json	23939	3	0	0	1	0	0	0	2	43	0	0	0	0	0	0	0	0	0	0	42	26	0	0	0	0	2	0	0
fsh-generated/resources/CapabilityStatement-ISiKCapabilityStatementAufbaustrukturRolle.json	23575	4	0	0	0	0	0	0	1	36	0	0	0	0	0	0	0	0	0	0	48	18	0	0	0	0	2	0	0
fsh-generated/resources/CapabilityStatement-ISiKCapabilityStatementBasisServerAkteur.json	6336	3	0	0	0	0	0	0	1	6	0	0	0	0	0	0	0	0	0	0	15	9	0	0	1	0	0	0	0
fsh-generated/resources/CapabilityStatement-ISiKCapabilityStatementCompositionKonsumentenRolle.json	2382	3	0	0	0	0	0	0	0	6	0	0	0	0	0	0	0	0	0	0	11	8	0	0	0	0	1	0	0
fsh-generated/resources/CapabilityStatement-ISiKCapabilityStatementDokumentenServerAkteur.json	4388	3	0	0	0	0	0	0	0	5	0	0	0	0	0	0	0	0	0	0	13	10	0	0	0	0	0	0	0
fsh-generated/resources/CapabilityStatement-ISiKCapabilityStatementDokumentenverwaltungRolle.json	15181	3	0	0	0	0	0	0	1	21	0	0	0	0	0	0	0	0	0	0	28	17	0	0	0	0	1	0	0
fsh-generated/resources/CapabilityStatement-ISiKCapabilityStatementErweiterteStammdatenRolle.json	12109	3	0	0	0	0	0	0	1	18	0	0	0	0	0	0	0	0	0	0	26	15	0	0	0	0	2	0	0
fsh-generated/resources/CapabilityStatement-ISiKCapabilityStatementGesundheitsstatusRolle.json	25990	3	0	0	0	0	0	0	2	24	0	0	0	0	0	0	0	1	0	0	35	24	0	0	0	0	1	0	0
fsh-generated/resources/CapabilityStatement-ISiKCapabilityStatementKlinischeRolle.json	22869	3	0	0	1	0	0	0	1	25	0	0	0	1	0	0	0	0	0	0	32	104	0	0	0	0	2	0	0
fsh-generated/resources/CapabilityStatement-ISiKCapabilityStatementLaborMinimalRolle.json	13059	3	0	0	0	0	0	0	2	10	0	0	0	0	0	0	0	0	0	0	22	12	0	0	0	0	1	0	0
fsh-generated/resources/CapabilityStatement-ISiKCapabilityStatementLeistungserbringerRolle.json	13941	3	0	0	0	0	0	0	0	58	0	0	0	0	0	0	0	0	0	0	25	16	0	0	0	0	1	0	1
fsh-generated/resources/CapabilityStatement-ISiKCapabilityStatementMedikamentRolle.json	9920	3	0	0	0	0	0	0	1	21	0	0	0	0	0	0	0	0	0	0	20	13	0	0	0	0	1	0	0
fsh-generated/resources/CapabilityStatement-ISiKCapabilityStatementMedikationInformationAkteur.json	4732	2	0	0	0	0	0	0	0	10	0	0	0	0	0	0	0	0	0	0	13	7	0	0	0	0	0	0	0
fsh-generated/resources/CapabilityStatement-ISiKCapabilityStatementMedikationInformationRolle.json	24182	4	0	0	0	0	0	0	2	43	0	0	0	0	0	0	0	0	0	0	33	18	0	0	1	0	2	0	0
fsh-generated/resources/CapabilityStatement-ISiKCapabilityStatementMedikationVerabreichungAkteur.json	4766	2	0	0	0	0	0	0	0	9	0	0	0	0	0	0	0	0	0	0	13	7	0	0	0	0	0	0	0
fsh-generated/resources/CapabilityStatement-ISiKCapabilityStatementMedikationVerabreichungRolle.json	16036	3	0	0	0	0	0	0	1	24	0	0	0	0	0	0	0	0	0	0	32	12	0	0	0	0	1	0	0
fsh-generated/resources/CapabilityStatement-ISiKCapabilityStatementMedikationVerordnungAkteur.json	4728	3	0	0	1	0	0	0	0	8	0	0	0	0	0	0	0	0	0	0	18	7	0	0	0	0	1	0	0
fsh-generated/resources/CapabilityStatement-ISiKCapabilityStatementMedikationVerordnungRolle.json	17272	3	0	0	0	0	0	0	1	25	0	0	0	0	0	0	0	0	0	0	40	13	0	0	0	0	1	0	0
fsh-generated/resources/CapabilityStatement-ISiKCapabilityStatementMetadatenErzeugenRolle.json	2601	3	0	0	0	0	0	0	0	13	0	0	0	0	0	0	0	0	0	0	13	8	0	0	0	0	1	0	0
fsh-generated/resources/CapabilityStatement-ISiKCapabilityStatementMetadatenUpdateRolle.json	2587	2	0	0	0	0	0	0	0	10	0	0	0	0	0	0	0	0	0	0	13	7	0	0	0	0	0	0	0
fsh-generated/resources/CapabilityStatement-ISiKCapabilityStatementStammdatenRolle.json	21500	3	0	0	0	0	0	0	1	38	0	0	0	0	0	0	0	0	0	0	36	17	0	0	0	0	2	0	0
fsh-generated/resources/CapabilityStatement-ISiKCapabilityStatementSubscriptionRolle.json	12034	3	0	0	0	0	0	0	1	22	0	0	0	0	0	0	0	0	0	0	29	12	0	0	0	0	1	0	0
fsh-generated/resources/CapabilityStatement-ISiKCapabilityStatementSubscriptionServerAkteur.json	3671	3	0	0	0	0	0	0	0	11	0	0	0	0	0	0	0	0	0	0	14	7	0	0	0	0	0	0	0
fsh-generated/resources/CapabilityStatement-ISiKCapabilityStatementTerminRepositoryAkteur.json	4263	2	0	0	0	0	0	0	0	8	0	0	0	0	0	0	0	0	0	0	12	7	0	0	0	0	1	0	0
fsh-generated/resources/CapabilityStatement-ISiKCapabilityStatementTerminRepositoryRolle.json	36833	5	0	0	1	0	0	0	2	51	0	0	0	0	0	0	0	0	0	0	47	21	0	0	1	0	2	0	0
fsh-generated/resources/CapabilityStatement-ISiKCapabilityStatementTerminologieRolle.json	15475	3	0	0	0	0	0	1	1	29	0	0	0	0	0	0	0	0	0	0	40	13	0	0	0	0	2	0	0
fsh-generated/resources/CapabilityStatement-ISiKCapabilityStatementVersicherungsverhaeltnisRolle.json	27547	3	0	0	0	0	0	0	1	41	0	0	0	0	0	0	0	0	0	0	38	19	0	0	0	0	1	0	0
fsh-generated/resources/CapabilityStatement-ISiKCapabilityStatementVitalSignICUSourceExtendedAkteur.json	5491	2	0	0	0	0	0	0	0	8	0	0	0	0	0	0	0	0	0	0	14	9	0	0	0	0	1	0	0
fsh-generated/resources/CapabilityStatement-ISiKCapabilityStatementVitalSignICUSourceExtendedRolle.json	20884	4	0	0	0	0	0	0	2	15	0	0	0	0	0	0	0	0	0	0	30	15	0	0	1	0	2	0	0
fsh-generated/resources/CapabilityStatement-ISiKCapabilityStatementVitalSignICUSourceMinimalAkteur.json	5556	3	0	0	0	0	0	0	0	8	0	0	0	0	0	0	0	0	0	0	14	8	0	0	0	0	0	0	0
fsh-generated/resources/CapabilityStatement-ISiKCapabilityStatementVitalSignICUSourceMinimalRolle.json	17223	3	0	0	0	0	0	0	1	16	0	0	0	0	0	0	0	1	0	0	26	11	0	0	1	0	1	0	0
fsh-generated/resources/CapabilityStatement-ISiKCapabilityStatementVitalSignStandardSourceAkteur.json	4932	2	0	0	0	0	0	0	0	7	0	0	0	0	0	0	0	0	0	0	13	8	0	0	0	0	1	0	0
fsh-generated/resources/CapabilityStatement-ISiKCapabilityStatementVitalSignStandardSourceRolle.json	14181	3	0	0	1	0	0	0	1	15	0	0	0	0	0	0	0	0	0	0	23	10	0	0	0	0	1	0	0
fsh-generated/resources/CodeSystem-CodeSystemExample.json	889	3	0	0	0	0	0	0	0	11	0	0	0	0	0	0	0	0	0	0	10	398	0	0	0	0	0	0	0
fsh-generated/resources/CodeSystem-ISiKBehandlungsergebnisRehaCS.json	989	3	0	0	0	0	0	0	0	7	0	0	0	0	0	0	0	0	0	0	11	53	0	0	0	0	1	0	0
fsh-generated/resources/CodeSystem-ISiKBesondereBehandlungsformRehaCS.json	1111	2	0	0	0	0	0	0	0	8	0	0	0	0	0	0	0	0	0	0	12	44	0	0	0	0	0	0	0
fsh-generated/resources/CodeSystem-ISiKEntlassformRehaCS.json	2259	3	0	0	0	0	0	0	0	8	0	0	0	0	0	0	0	0	0	0	12	49	0	0	0	0	0	0	0
fsh-generated/resources/CodeSystem-ISiKMDRRelevanzFormularCS.json	632	5	0	0	0	0	0	0	1	7	0	0	0	0	0	0	0	0	0	0	9	37	0	0	0	0	1	0	0
fsh-generated/resources/CodeSystem-ISiKMedikationsartCS.json	609	4	0	0	0	0	0	0	0	4	0	0	0	0	0	0	0	0	0	0	10	38	0	0	0	0	0	0	0
fsh-generated/resources/CodeSystem-ISiKSubscriptionTopic.json	4536	2	0	0	0	0	0	0	0	6	0	0	0	0	0	0	0	0	0	0	16	50	0	0	0	0	1	0	0
fsh-generated/resources/CodeSystem-ISiKUnterbrechungRehaCS.json	1245	3	0	0	0	0	0	0	0	4	0	0	0	0	0	0	0	0	0	0	10	32	0	0	0	0	1	0	0
fsh-generated/resources/CodeSystem-subscription-notification-type.json	2368	3	0	0	1	0	0	0	1	4	0	0	0	0	0	0	0	0	0	0	12	38	0	0	0	0	0	0	0
fsh-generated/resources/Composition-CompositionExampleBlutdruck.json	1744	3	0	0	0	0	0	0	0	0	0	0	0	0	0	0	0	0	0	0	8	19	0	0	0	0	0	0	0
fsh-generated/resources/Condition-AltersbedingteKreislaufstoerung.json	1005	3	0	0	0	0	0	0	0	4	0	0	0	0	0	0	0	0	0	0	9	18	0	0	0	0	0	0	0
fsh-generated/resources/Condition-BehandlungsDiagnoseFreitext.json	533	3	0	0	0	0	0	0	0	1	0	0	0	0	0	0	0	0	0	0	8	14	0	0	0	0	0	0	0
fsh-generated/resources/Condition-Example-condition-ausrufezeichen-primaer.json	879	2	0	0	0	0	0	0	0	3	0	0	0	0	0	0	0	0	0	0	9	11	0	0	0	0	0	0	0
fsh-generated/resources/Condition-Example-condition-ausrufezeichen-sekundaer.json	1541	3	0	0	0	0	0	0	0	3	0	0	0	0	0	0	0	0	0	0	9	16	0	0	0	0	0	0	0
fsh-generated/resources/Condition-Example-condition-kreuz-stern-primaer.json	1205	3	0	0	0	0	0	0	0	3	0	0	0	0	0	0	0	0	0	0	9	11	0	0	0	0	0	0	0
fsh-generated/resources/Condition-Example-condition-kreuz-stern-sekundaer.json	1639	2	0	0	0	0	0	0	0	3	0	0	0	0	0	0	0	0	0	0	9	11	0	0	0	0	0	0	0
fsh-generated/resources/Condition-MittelgradigeIntelligenzminderung.json	785	3	0	0	0	0	0	0	1	2	0	0	0	0	0	0	0	0	0	0	9	17	0	0	0	0	0	0	0
fsh-generated/resources/Condition-PrimaereGonarthroseMinimal.json	579	3	0	0	0	0	0	0	0	2	0	0	0	0	0	0	0	0	0	0	8	17	0	0	0	0	0	0	0
fsh-generated/resources/Condition-PrimaereGonarthroseNormal.json	1139	2	0	0	0	0	0	0	0	327	0	0	0	0	0	0	0	0	0	0	9	13	0	0	0	0	0	0	0
fsh-generated/resources/Condition-SZ2Primaerdiagnose.json	922	3	0	0	0	0	0	0	0	1	0	0	0	0	0	0	0	0	0	0	9	10	0	0	0	0	0	0	0
fsh-generated/resources/Condition-SZ2Sekundaerdiagnose.json	1056	3	0	0	0	0	0	0	0	2	0	0	0	0	0	0	0	0	0	0	9	10	0	0	0	0	0	0	0
fsh-generated/resources/Coverage-CoverageGesetzlich.json	816	3	0	0	0	0	0	0	0	2	0	0	0	0	0	0	0	0	0	0	8	8	0	0	0	0	0	0	0
fsh-generated/resources/Coverage-CoveragePrivat.json	518	2	0	0	0	0	0	0	0	2	0	0	0	0	0	0	0	0	0	0	8	9	0	0	0	0	0	0	0
fsh-generated/resources/Coverage-CoverageSonstige.json	507	3	0	0	0	0	0	0	0	1	0	0	0	0	0	0	0	0	0	0	8	8	0	0	0	0	0	0	0
fsh-generated/resources/Coverage-SZ1VersicherungGesetzlich.json	1151	2	0	0	0	0	0	0	0	2	0	0	0	0	0	0	0	0	0	0	9	9	0	0	0	0	0	0	0
fsh-generated/resources/Coverage-SZ1VersicherungSelbstzahler.json	518	3	0	0	0	0	0	0	0	1	0	0	0	0	0	0	0	0	0	0	9	9	0	0	0	0	0	0	0
fsh-generated/resources/Coverage-SZ2VersicherungGesetzlich.json	1164	3	0	0	0	0	0	0	0	2	0	0	0	0	0	0	0	0	0	0	8	11	0	0	0	0	0	0	0
fsh-generated/resources/Device-ExampleDevice.json	78	2	0	0	0	0	0	0	1	1	0	0	0	0	0	0	0	0	0	0	7	11	0	0	0	0	0	0	0
fsh-generated/resources/DocumentReference-dok-beispiel-client-with-binary-jpeg-example-short.json	2002	3	0	0	0	0	0	0	0	315	0	0	0	0	0	0	0	0	0	0	11	12	0	0	0	0	0	0	1
fsh-generated/resources/DocumentReference-dok-beispiel-client-with-binary-jpeg-example.json	37484	3	0	0	0	0	0	0	0	5	0	0	0	0	0	0	0	0	0	0	33	17	0	0	0	0	0	0	0
fsh-generated/resources/DocumentReference-dok-beispiel-client-with-binary-pdf-example-short.json	2010	2	0	0	0	0	0	0	0	4	0	0	0	0	0	0	0	0	0	0	11	12	0	0	0	0	0	0	0
fsh-generated/resources/DocumentReference-dok-beispiel-client-with-binary-pdf-example.json	175404	4	0	0	0	0	0	0	0	3	0	0	0	0	0	0	0	0	0	0	118	38	0	0	0	0	0	0	0
fsh-generated/resources/DocumentReference-dok-beispiel-server.json	2431	3	0	0	0	0	0	0	1	7	0	0	0	0	0	0	0	0	0	0	13	14	0	0	0	0	0	0	0
fsh-generated/resources/Encounter-Fachabteilungskontakt.json	4309	2	0	0	0	0	0	0	0	7	0	0	0	0	0	0	0	0	0	0	12	13	0	0	0	0	0	0	0
fsh-generated/resources/Encounter-FachabteilungskontaktBettenverlegung.json	3004	3	0	0	0	0	0	0	0	3	0	0	0	0	0	0	0	0	0	0	11	10	0	0	0	0	0	0	0
fsh-generated/resources/Encounter-FachabteilungskontaktEntlassung.json	2465	3	0	0	0	0	0	0	1	3	0	0	0	0	0	0	0	0	0	0	10	10	0	0	0	0	0	0	0
fsh-generated/resources/Encounter-FachabteilungskontaktFachbereichswechsel1.json	3046	2	0	0	1	0	0	0	0	3	0	0	0	0	0	0	0	0	0	0	10	10	0	0	0	0	0	0	0
fsh-generated/resources/Encounter-FachabteilungskontaktFachbereichswechsel2.json	2491	3	0	0	0	0	0	0	0	2	0	0	0	0	0	0	0	0	0	0	10	10	0	0	0	0	0	0	0
fsh-generated/resources/Encounter-FachabteilungskontaktMinimal.json	1134	3	0	0	0	0	0	0	0	2	0	0	0	0	0	0	0	0	0	0	8	9	0	0	0	0	0	0	0
fsh-generated/resources/Encounter-FachabteilungskontaktMinimal2.json	807	2	0	0	0	0	0	0	1	1	0	0	0	0	0	0	0	0	0	0	9	8	0	0	0	0	0	0	0
fsh-generated/resources/Encounter-FachabteilungskontaktNormal.json	5207	3	0	0	0	0	0	0	0	5	0	0	0	0	0	0	0	0	0	0	13	14	0	0	0	0	0	0	0
fsh-generated/resources/Encounter-FachabteilungskontaktStationaereAufnahme.json	2481	3	0	0	0	0	0	0	0	2	0	0	0	0	0	0	0	0	0	0	10	12	0	0	0	0	0	0	0
fsh-generated/resources/Encounter-FachabteilungskontaktStationswechsel1.json	2524	2	0	0	0	0	0	0	1	2	0	0	0	0	0	0	0	0	0	0	10	10	0	0	0	0	0	0	0
fsh-generated/resources/Encounter-FachabteilungskontaktStationswechsel2.json	2474	3	0	0	0	0	0	0	0	3	0	0	0	0	0	0	0	0	0	0	10	10	0	0	0	0	0	0	0
fsh-generated/resources/Encounter-SZ1Nachstationaer.json	1327	3	0	0	0	0	0	0	0	2	0	0	0	0	0	0	0	0	0	0	9	12	0	0	0	0	0	0	0
fsh-generated/resources/Encounter-SZ1Stationaer.json	2679	3	0	0	0	0	0	0	0	2	0	0	0	0	0	0	0	0	0	0	11	10	0	0	0	0	0	0	0
fsh-generated/resources/Encounter-SZ1Vorstationaer.json	1324	2	0	0	0	0	0	0	1	2	0	0	0	0	0	0	0	0	0	0	9	11	0	0	0	0	0	0	0
fsh-generated/resources/Encounter-SZ2Encounter.json	1326	3	0	0	0	0	0	0	0	2	0	0	0	0	0	0	0	0	0	0	8	16	0	0	0	0	0	0	0
fsh-generated/resources/HealthcareService-ISiKMedizinischeBehandlungseinheitExample.json	661	3	0	0	0	0	0	0	0	1	0	0	0	0	0	0	0	0	0	0	9	11	0	0	0	0	0	0	0
fsh-generated/resources/List-ExampleISiKMedikationsListe.json	863	2	0	0	0	0	0	0	0	5	0	6	0	0	0	0	0	0	0	0	9	25	0	0	0	0	0	0	0
fsh-generated/resources/List-ExampleISiKMedikationsListeParkinson.json	1346	3	0	0	0	0	0	0	0	3	0	2	0	0	0	0	0	0	0	0	10	21	0	0	0	0	0	0	0
fsh-generated/resources/Location-BettenstellplatzStandortBeispiel.json	575	2	0	0	0	0	0	0	0	1	0	0	0	0	0	0	0	0	0	0	8	12	0	0	0	0	0	0	0
fsh-generated/resources/Location-RaumStandortBeispiel.json	484	3	0	0	0	0	0	0	0	0	0	0	0	0	0	0	0	0	0	0	8	8	0	0	0	0	0	0	0
fsh-generated/resources/Location-StationStandortBeispiel.json	1341	3	0	0	0	0	0	0	0	3	0	0	0	0	0	0	0	0	0	0	9	11	0	0	0	1	0	0	0
fsh-generated/resources/Medication-ExampleISiKMedikament1.json	542	3	0	0	0	0	0	0	0	0	0	0	0	0	0	0	0	0	0	0	8	8	0	0	0	0	0	0	0
fsh-generated/resources/Medication-ExampleISiKMedikament2.json	1723	2	0	0	0	0	0	0	1	0	0	0	0	0	0	0	0	0	0	0	8	10	0	0	0	0	0	0	0
fsh-generated/resources/Medication-ExampleISiKMedikament3.json	522	3	0	0	0	0	0	0	0	0	0	0	0	0	0	0	0	0	0	0	7	7	0	0	0	0	0	0	0
fsh-generated/resources/Medication-ExampleISiKMedikament4.json	1684	3	0	0	0	0	0	0	0	0	0	0	0	0	0	0	0	0	0	0	8	8	0	0	0	0	0	0	0
fsh-generated/resources/Medication-ExampleISiKMedikament5.json	1670	3	0	0	0	0	0	0	0	0	0	0	0	0	0	0	0	0	0	0	8	10	0	0	0	0	0	0	0
fsh-generated/resources/Medication-ExampleISiKMedikament6.json	390	2	0	0	0	0	0	0	0	0	0	0	0	0	0	0	0	0	0	0	7	7	0	0	0	0	0	0	0
fsh-generated/resources/Medication-ExampleISiKMedikament7.json	1464	3	0	0	0	0	0	0	0	1	0	0	0	0	0	0	0	0	0	0	8	7	0	0	0	0	0	0	0
fsh-generated/resources/Medication-ExampleISiKMedikament8.json	1970	3	0	0	0	0	0	0	1	0	0	0	0	0	0	0	0	0	0	0	8	8	0	0	0	0	0	0	0
fsh-generated/resources/Medication-ExampleISiKMedikament9.json	1976	3	0	0	0	0	0	0	0	0	0	0	0	0	0	0	0	0	0	0	8	7	0	0	0	0	0	0	0
fsh-generated/resources/Medication-ParacetamolInfusion.json	2741	3	0	0	0	0	0	0	0	0	0	0	0	0	0	0	0	0	0	0	9	8	0	0	0	0	0	0	0
fsh-generated/resources/MedicationAdministration-ExampleISiKMedikationsVerabreichung.json	659	3	0	0	0	0	0	0	0	2	0	0	0	0	0	0	0	0	0	0	8	15	0	0	0	0	0	0	0
fsh-generated/resources/MedicationAdministration-ExampleISiKMedikationsVerabreichung2.json	658	2	0	0	0	0	0	0	0	2	0	0	0	0	0	0	0	0	0	0	9	9	0	0	0	0	0	0	0
fsh-generated/resources/MedicationAdministration-ExampleISiKMedikationsVerabreichung3.json	1350	3	0	0	0	0	0	0	1	622	0	0	0	0	0	0	0	0	0	0	10	11	0	0	0	0	0	0	0
fsh-generated/resources/MedicationAdministration-ExampleISiKMedikationsVerabreichung4.json	1520	3	0	0	0	0	0	0	0	312	0	0	0	0	0	0	0	0	0	0	10	12	0	0	0	0	0	0	0
fsh-generated/resources/MedicationRequest-ExampleISiKMedikationsVerordnung.json	1700	2	0	0	0	0	0	0	0	4	0	0	0	0	0	0	0	0	0	0	13	20	0	0	0	0	0	0	0
fsh-generated/resources/MedicationRequest-ExampleISiKMedikationsVerordnung2.json	1294	3	0	0	0	0	0	0	0	5	0	0	0	0	0	0	0	0	0	0	10	12	0	0	0	0	0	0	0
fsh-generated/resources/MedicationStatement-ExampleISiKMedikationsInformation1.json	1791	3	0	0	0	0	0	0	0	3	0	0	0	0	0	0	0	0	0	0	9	12	0	0	0	0	0	0	0
fsh-generated/resources/MedicationStatement-ExampleISiKMedikationsInformation2.json	1209	2	0	0	0	0	0	0	0	333	0	0	0	0	0	0	0	0	0	0	10	10	0	0	0	0	0	0	0
fsh-generated/resources/MedicationStatement-ExampleISiKMedikationsInformation3.json	1057	3	0	0	0	0	0	0	1	2	0	0	0	0	0	0	0	0	0	0	9	10	0	0	0	0	0	0	0
fsh-generated/resources/MedicationStatement-ExampleISiKMedikationsInformation4.json	1273	3	0	0	1	0	0	0	0	0	0	0	0	0	0	0	0	0	0	0	8	9	0	0	0	0	0	0	0
fsh-generated/resources/MedicationStatement-ExampleISiKMedikationsInformation5.json	1379	3	0	0	0	0	0	0	0	0	0	0	0	0	0	0	0	0	0	0	8	10	0	0	0	0	0	0	0
fsh-generated/resources/MedicationStatement-ExampleISiKMedikationsInformation6.json	1188	3	0	0	0	0	0	0	0	0	0	0	0	0	0	0	0	0	0	0	8	10	0	0	0	0	0	0	0
fsh-generated/resources/MedicationStatement-ExampleISiKMedikationsInformationParkinson1.json	1299	3	0	0	0	0	0	0	0	0	0	0	0	0	0	0	0	0	0	0	8	10	0	0	0	0	0	0	0
fsh-generated/resources/MedicationStatement-ExampleISiKMedikationsInformationParkinson2.json	1134	2	0	0	0	0	0	0	0	2	0	0	0	0	0	0	0	0	0	0	9	13	0	0	0	0	0	0	0
fsh-generated/resources/MedicationStatement-ExampleISiKMedikationsInformationParkinson3.json	1128	3	0	0	0	0	0	0	0	2	0	0	0	0	0	0	0	0	0	0	9	10	0	0	0	0	0	0	0
fsh-generated/resources/MedicationStatement-ExampleISiKMedikationsInformationParkinson4.json	1131	3	0	0	0	0	0	0	1	3	0	0	0	0	0	0	0	0	0	0	9	10	0	0	0	0	0	0	0
fsh-generated/resources/MedicationStatement-ExampleISiKMedikationsInformationParkinson5.json	1145	2	0	0	0	0	0	0	0	2	0	0	0	0	0	0	0	0	0	0	9	11	0	0	0	0	0	0	0
fsh-generated/resources/Observation-ExampleISiKLaboruntersuchungCRP1.json	1216	3	0	0	0	0	0	0	0	318	0	0	0	0	0	0	0	0	0	0	9	14	0	0	0	0	0	0	0
fsh-generated/resources/Observation-ExampleISiKLaboruntersuchungGFR1.json	1302	3	0	0	0	0	0	0	0	312	0	0	0	0	0	0	0	0	0	0	9	9	0	0	0	0	0	0	0
fsh-generated/resources/Observation-ExampleISiKLaboruntersuchungHb1.json	1495	2	0	0	0	0	0	0	0	312	0	0	0	0	0	0	0	0	0	0	9	10	0	0	0	0	0	0	0
fsh-generated/resources/Observation-ExampleISiKLaboruntersuchungPCT1.json	1126	3	0	0	0	0	0	0	0	312	0	0	0	0	0	0	0	0	0	0	10	9	0	0	0	0	0	0	0
fsh-generated/resources/Observation-ExampleISiKLaboruntersuchungSerumkreatinin1.json	1503	3	0	0	0	0	0	0	0	315	0	0	0	0	0	0	0	0	0	0	9	10	0	0	0	0	0	0	0
fsh-generated/resources/Observation-ExampleISiKLaboruntersuchungTSH1.json	1277	2	0	0	0	0	0	0	1	310	0	0	0	0	0	0	0	0	0	0	9	9	0	0	0	0	0	0	0
fsh-generated/resources/Observation-ExampleISiKLaboruntersuchungThrombozyten1.json	1278	3	0	0	0	0	0	0	0	314	0	0	0	0	0	0	0	0	0	0	10	12	0	0	0	0	0	0	0
fsh-generated/resources/Observation-ExampleISiKLaboruntersuchungTroponin1.json	1141	2	0	0	0	0	0	0	0	311	0	0	0	0	0	0	0	0	0	0	9	10	0	0	0	0	0	0	0
fsh-generated/resources/Observation-ExtractedObservationKoerpergewicht.json	863	3	0	0	0	0	0	0	0	909	0	0	0	0	0	0	0	0	0	0	9	9	0	0	0	0	0	0	0
fsh-generated/resources/Observation-ExtractedObservationKoerpergroesse.json	862	2	0	0	0	0	0	0	0	890	0	0	0	0	0	0	0	0	0	0	9	10	0	0	0	0	0	0	0
fsh-generated/resources/Observation-Herzzeitvolumen.json	1138	3	0	0	0	0	0	0	0	310	0	0	0	0	0	0	0	0	0	0	8	8	0	0	0	0	0	0	0
fsh-generated/resources/Observation-ISiKAlkoholAbususBeispiel.json	1067	3	0	0	0	0	0	0	0	3	0	0	0	0	0	0	0	0	0	0	9	10	0	0	0	0	0	0	0
fsh-generated/resources/Observation-ISiKAtemfrequenzExample.json	1209	2	0	0	0	0	0	0	0	310	0	0	0	0	0	0	0	0	0	0	9	10	0	0	0	0	0	0	0
fsh-generated/resources/Observation-ISiKAtemfrequenzMaxExample.json	1897	3	0	0	0	0	0	0	1	1	0	0	0	0	0	0	0	0	0	0	10	9	0	0	0	0	0	0	0
fsh-generated/resources/Observation-ISiKAtemfrequenzMinExample.json	835	3	0	0	0	0	0	0	0	1	0	0	0	0	0	0	0	0	0	0	8	9	0	0	0	0	0	0	0
fsh-generated/resources/Observation-ISiKBlutdruckSystemischArteriellExample.json	3629	2	0	0	0	0	0	0	0	312	0	0	0	0	0	0	0	0	0	0	11	11	0	0	0	0	0	0	0
fsh-generated/resources/Observation-ISiKBlutdruckSystemischArteriellMaxExample.json	4782	3	0	0	0	0	0	0	1	2	0	0	0	0	0	0	0	0	0	0	12	13	0	0	0	0	0	0	0
fsh-generated/resources/Observation-ISiKBlutdruckSystemischArteriellMinExample.json	1370	3	0	0	0	0	0	0	0	1179	0	0	0	0	0	0	0	0	0	0	9	9	0	0	0	0	0	0	0
fsh-generated/resources/Observation-ISiKEKGExample.json	3775	2	0	0	0	0	0	0	0	2	0	0	0	0	0	0	0	0	0	0	11	12	0	0	0	0	0	0	0
fsh-generated/resources/Observation-ISiKEKGMaxExample.json	7368	3	0	0	0	0	0	0	0	2	0	0	0	0	0	0	0	0	0	0	16	13	0	0	0	0	0	0	0
fsh-generated/resources/Observation-ISiKEKGMinExample.json	1040	3	0	0	0	0	0	0	1	1	0	0	0	0	0	0	0	1	0	0	10	8	0	0	0	0	0	0	0
fsh-generated/resources/Observation-ISiKGCSExample.json	2429	3	0	0	0	0	0	0	0	1	0	0	0	0	0	0	0	0	0	0	9	10	0	0	0	0	0	0	0
fsh-generated/resources/Observation-ISiKGCSMaxExample.json	2756	2	0	0	0	0	0	0	0	2	0	0	0	0	0	0	0	0	0	0	10	10	0	0	0	0	0	0	0
fsh-generated/resources/Observation-ISiKGCSMinExample.json	2071	3	0	0	0	0	0	0	0	1	0	0	0	0	0	0	0	0	0	0	9	10	0	0	0	0	0	0	0
fsh-generated/resources/Observation-ISiKHerzfrequenzExample.json	1157	3	0	0	0	0	0	0	1	1	0	0	0	0	0	0	0	0	0	0	9	11	0	0	0	0	0	0	0
fsh-generated/resources/Observation-ISiKHerzfrequenzMaxExample.json	1952	2	0	0	0	0	0	0	0	1	0	0	0	0	0	0	0	0	0	0	13	12	0	0	0	0	0	0	0
fsh-generated/resources/Observation-ISiKHerzfrequenzMinExample.json	784	3	0	0	0	0	0	0	0	1	0	0	0	0	0	0	0	0	0	0	9	9	0	0	0	0	0	0	0
fsh-generated/resources/Observation-ISiKKoerpergewichtExample.json	1163	2	0	0	0	0	0	0	0	2	0	0	0	0	0	0	0	0	0	0	9	9	0	0	0	0	0	0	0
fsh-generated/resources/Observation-ISiKKoerpergewichtMaxExample.json	1756	3	0	0	0	0	0	0	0	2	0	0	0	0	0	0	0	0	0	0	9	9	0	0	0	0	0	0	0
fsh-generated/resources/Observation-ISiKKoerpergewichtMinExample.json	787	3	0	0	0	0	0	0	0	1	0	0	0	0	0	0	0	0	0	0	8	9	0	0	0	0	0	0	0
fsh-generated/resources/Observation-ISiKKoerpergroesseExample.json	1033	2	0	0	0	0	0	0	1	1	0	0	0	0	0	0	0	0	0	0	9	9	0	0	0	0	0	0	0
fsh-generated/resources/Observation-ISiKKoerpergroesseMaxExample.json	1687	3	0	0	1	0	0	0	0	1	0	0	0	0	0	0	0	0	0	0	9	9	0	0	0	0	0	0	0
fsh-generated/resources/Observation-ISiKKoerpergroesseMinExample.json	787	3	0	0	0	0	0	0	0	2	0	0	0	0	0	0	0	0	0	0	9	8	0	0	0	0	0	0	0
fsh-generated/resources/Observation-ISiKKoerperkerntemperaturExample.json	1273	2	0	0	0	0	0	0	0	312	0	0	0	0	0	0	0	0	0	0	9	9	0	0	0	0	0	0	0
fsh-generated/resources/Observation-ISiKKoerperkerntemperaturMaxExample.json	2095	3	0	0	0	0	0	0	0	2	0	0	0	0	0	0	0	0	0	0	9	10	0	0	0	0	0	0	0
fsh-generated/resources/Observation-ISiKKoerperkerntemperaturMinExample.json	889	3	0	0	0	0	0	0	0	1	0	0	0	0	0	0	0	0	0	0	8	8	0	0	0	0	0	0	0
fsh-generated/resources/Observation-ISiKKoerpertemperaturExample.json	1173	2	0	0	0	0	0	0	0	1	0	0	0	0	0	0	0	0	0	0	9	11	0	0	0	0	0	0	0
fsh-generated/resources/Observation-ISiKKoerpertemperaturMaxExample.json	1985	3	0	0	0	0	0	0	1	1	0	0	0	0	0	0	0	0	0	0	10	10	0	0	0	0	0	0	0
fsh-generated/resources/Observation-ISiKKoerpertemperaturMinExample.json	794	2	0	0	0	0	0	0	0	2	0	0	0	0	0	0	0	0	0	0	8	9	0	0	0	0	0	0	0
fsh-generated/resources/Observation-ISiKKopfumfangExample.json	1216	3	0	0	0	0	0	0	0	1	0	0	0	0	0	0	0	0	0	0	9	9	0	0	0	0	0	0	0
fsh-generated/resources/Observation-ISiKKopfumfangMaxExample.json	1968	3	0	0	0	0	0	0	0	1	0	0	0	0	0	0	0	0	0	0	10	9	0	0	0	0	0	0	0
fsh-generated/resources/Observation-ISiKKopfumfangMinExample.json	806	2	0	0	0	0	0	0	0	1	0	0	0	0	0	0	0	0	0	0	8	8	0	0	0	0	0	0	0
fsh-generated/resources/Observation-ISiKRaucherStatusBeispiel.json	1058	3	0	0	0	0	0	0	0	2	0	0	0	0	0	0	0	0	0	0	9	10	0	0	0	0	0	0	0
fsh-generated/resources/Observation-ISiKSauerstoffsaettigungArteriellExample.json	2413	3	0	0	0	0	0	0	1	317	0	0	0	0	0	0	0	0	0	0	10	10	0	0	0	0	0	0	0
fsh-generated/resources/Observation-ISiKSauerstoffsaettigungArteriellMaxExample.json	3223	3	0	0	0	0	0	0	0	3	0	0	0	0	0	0	0	0	0	0	11	10	0	0	0	0	0	0	0
fsh-generated/resources/Observation-ISiKSauerstoffsaettigungArteriellMinExample.json	831	2	0	0	0	0	0	0	0	2	0	0	0	0	0	0	0	0	0	0	8	9	0	0	0	0	0	0	0
fsh-generated/resources/Observation-ISiKSchwangerschaftErwarteterEntbindungsterminBeispiel.json	786	3	0	0	0	0	0	0	0	1	0	0	0	0	0	0	0	0	0	0	9	9	0	0	0	0	0	0	0
fsh-generated/resources/Observation-ISiKSchwangerschaftsstatusBeispiel.json	996	3	0	0	0	0	0	0	0	2	0	0	0	0	0	0	0	0	0	0	9	13	0	0	0	0	0	0	0
fsh-generated/resources/Observation-ISiKStillstatusBeispiel.json	1052	2	0	0	0	0	0	0	1	2	0	0	0	0	0	0	0	0	0	0	9	9	0	0	0	0	1	0	0
fsh-generated/resources/Observation-Ideales-Koerpergewicht.json	1140	3	0	0	0	0	0	0	0	1	0	0	0	0	0	0	0	0	0	0	9	9	0	0	0	0	0	0	0
fsh-generated/resources/Observation-Intrakranieller-Druck-ICP.json	1364	2	0	0	0	0	0	0	0	1	0	0	0	0	0	0	0	0	0	0	9	9	0	0	0	0	0	0	0
fsh-generated/resources/Observation-Koerpergewicht-Percentile-altersabhaengig.json	1063	3	0	0	0	0	0	0	0	1	0	0	0	0	0	0	0	0	0	0	9	9	0	0	0	0	0	0	0
fsh-generated/resources/Observation-Koerpergroesse-Percentil.json	916	3	0	0	1	0	0	0	0	1	0	0	0	0	0	0	0	0	0	0	9	9	0	0	0	0	0	0	0
fsh-generated/resources/Observation-Koerpertemperatur-Achsel.json	1544	2	0	0	0	0	0	0	0	2	0	0	0	0	0	0	0	0	0	0	13	8	0	0	0	0	0	0	0
fsh-generated/resources/Observation-Koerpertemperatur-Atemwege.json	1285	3	0	0	0	0	0	0	0	1	0	0	0	0	0	0	0	0	0	0	9	9	0	0	0	0	0	0	0
fsh-generated/resources/Observation-Koerpertemperatur-Blut.json	1326	3	0	0	0	0	0	0	1	1	0	0	0	0	0	0	0	0	0	0	9	9	0	0	0	0	0	0	0
fsh-generated/resources/Observation-Koerpertemperatur-Brust.json	1163	2	0	0	0	0	0	0	0	1	0	0	0	0	0	0	0	0	0	0	9	8	0	0	0	0	0	0	0
fsh-generated/resources/Observation-Koerpertemperatur-Brustwirbelsaeule.json	1218	3	0	0	0	0	0	0	0	2	0	0	0	0	0	0	0	0	0	0	9	8	0	0	0	0	0	0	0
fsh-generated/resources/Observation-Koerpertemperatur-Gelenk.json	1163	3	0	0	0	0	0	0	0	1	0	0	0	0	0	0	0	0	0	0	9	11	0	0	0	0	0	0	0
fsh-generated/resources/Observation-Koerpertemperatur-Halswirbelsaeule.json	1216	2	0	0	0	0	0	0	0	5	0	0	0	0	0	0	0	0	0	0	9	9	0	0	0	0	0	0	0
fsh-generated/resources/Observation-Koerpertemperatur-Harnblase.json	1425	3	0	0	0	0	0	0	0	1	0	0	0	0	0	0	0	0	0	0	9	8	0	0	0	0	0	0	0
fsh-generated/resources/Observation-Koerpertemperatur-Kern.json	1368	3	0	0	0	0	0	0	0	0	0	0	0	0	0	0	0	0	0	0	9	9	0	0	0	0	0	0	0
fsh-generated/resources/Observation-Koerpertemperatur-Leiste.json	1421	2	0	0	0	0	0	0	1	2	0	0	0	0	0	0	0	0	0	0	9	8	0	0	0	0	0	0	0
fsh-generated/resources/Observation-Koerpertemperatur-Lendenwirbelsaeule.json	1216	3	0	0	0	0	0	0	0	1	0	0	0	0	0	0	0	0	0	0	9	9	0	0	0	0	0	0	1
fsh-generated/resources/Observation-Koerpertemperatur-Myokard.json	1300	3	0	0	0	0	0	0	0	1	0	0	0	0	0	0	0	0	0	0	10	8	0	0	0	0	0	0	0
fsh-generated/resources/Observation-Koerpertemperatur-Nasen-Rachen-Raum.json	1478	2	0	0	0	0	0	0	0	1	0	0	0	0	0	0	0	0	0	0	9	8	0	0	0	0	0	0	0
fsh-generated/resources/Observation-Koerpertemperatur-Oral.json	1547	3	0	0	0	0	0	0	0	1	0	0	0	0	0	0	0	0	0	0	9	9	0	0	0	0	0	0	0
fsh-generated/resources/Observation-Koerpertemperatur-Speiseroehre.json	1537	3	0	0	0	0	0	0	0	0	0	0	0	0	0	0	0	0	0	0	9	9	0	0	0	0	0	0	0
fsh-generated/resources/Observation-Koerpertemperatur-Stirn.json	1167	2	0	0	0	0	0	0	1	2	0	0	0	0	0	0	0	0	0	0	9	8	0	0	0	0	0	0	0
fsh-generated/resources/Observation-Koerpertemperatur-Trommelfell.json	1555	3	0	0	0	0	0	0	0	0	0	0	0	0	0	0	0	0	0	0	8	11	0	0	0	0	0	0	0
fsh-generated/resources/Observation-Koerpertemperatur-nasal.json	1281	3	0	0	0	0	0	0	0	1	0	0	0	0	0	0	0	0	0	0	9	9	0	0	0	0	0	0	0
fsh-generated/resources/Observation-Koerpertemperatur-rektal.json	1517	2	0	0	0	0	0	0	0	1	0	0	0	0	0	0	0	0	0	0	9	8	0	1	0	0	0	0	0
fsh-generated/resources/Observation-Koerpertemperatur-vaginal.json	1267	3	0	0	0	0	0	0	0	0	0	0	0	0	0	0	0	0	0	0	9	9	0	0	0	0	0	0	0
fsh-generated/resources/Observation-Linksatrialer-Druck.json	3193	3	0	0	1	0	0	0	1	2	0	0	0	0	0	0	0	0	0	0	10	10	0	0	0	0	0	0	0
fsh-generated/resources/Observation-Linksvent-Schlagvolumenindex-Durch-Indikatorverduennung.json	999	3	0	0	0	0	0	0	0	318	0	0	0	0	0	0	0	0	0	0	9	8	0	0	0	0	0	0	0
fsh-generated/resources/Observation-Linksventrikulaerer-Druck.json	2944	2	0	0	0	0	0	0	0	1	0	0	0	0	0	0	0	0	0	0	10	10	0	0	0	0	0	0	0
fsh-generated/resources/Observation-Linksventrikulaerer-Herzindex-Durch-Indikatorverduennung.json	1000	3	0	0	0	0	0	0	0	312	0	0	0	0	0	0	0	0	0	0	9	8	0	0	0	0	0	0	0
fsh-generated/resources/Observation-Linksventrikulaerer-Herzindex.json	1371	3	0	0	0	0	0	0	0	1	0	0	0	0	0	0	0	0	0	0	9	9	0	0	0	0	0	0	0
fsh-generated/resources/Observation-Linksventrikulaeres-Herzzeitvolumen-durch-Indikatorverduennung.json	986	2	0	0	0	0	0	0	0	1	0	0	0	0	0	0	0	0	0	0	8	9	0	0	0	0	0	0	0
fsh-generated/resources/Observation-Linksventrikulaeres-Schlagvolumen-Durch-Indikatorverduennung.json	980	3	0	0	0	0	0	0	0	0	0	0	0	0	0	0	0	0	0	0	9	9	0	0	0	0	0	0	0
fsh-generated/resources/Observation-Linksventrikulaeres-Schlagvolumen.json	1362	3	0	0	0	0	0	0	1	2	0	0	0	0	0	0	0	0	0	0	9	10	0	0	0	0	0	0	0
fsh-generated/resources/Observation-Linksventrikulaeres-Schlagvolumenindex.json	1274	2	0	0	0	0	0	0	0	0	0	0	0	0	0	0	0	0	0	0	9	9	0	0	0	0	0	0	0
fsh-generated/resources/Observation-Pulmonalarterieller-Blutdruck.json	3770	3	0	0	0	0	0	0	0	1	0	0	0	0	0	0	0	0	0	0	11	10	0	0	0	0	0	0	0
fsh-generated/resources/Observation-Pulmonalarterieller-wedge-Blutdruck.json	1394	3	0	0	0	0	0	0	0	1	0	0	0	0	0	0	0	0	0	0	9	8	0	0	0	0	0	0	0
fsh-generated/resources/Observation-Pulmonalvaskulaerer-Widerstandsindex.json	1263	3	0	0	0	0	0	0	1	324	0	0	0	0	0	0	0	0	0	0	9	9	0	0	0	0	0	0	0
fsh-generated/resources/Observation-Puls.json	962	2	0	0	0	0	0	0	0	2	0	0	0	0	0	0	0	0	0	0	8	8	0	0	0	0	0	0	0
fsh-generated/resources/Observation-Rechtsatrialer-Druck.json	3363	3	0	0	0	0	0	0	0	2	0	0	0	0	0	0	0	0	0	0	11	9	0	0	0	0	0	0	0
fsh-generated/resources/Observation-Rechtsventrikulaerer-Druck.json	3502	3	0	0	0	0	0	0	0	2	0	0	0	0	0	0	0	0	0	0	11	9	0	0	0	0	0	0	0
fsh-generated/resources/Observation-Sauerstoffsaettigung-im-Arteriellen-Blut-durch-Pulsoxymetrie.json	1519	3	0	0	0	0	0	0	1	1	0	0	0	0	0	0	0	0	0	0	9	9	0	0	0	0	0	0	0
fsh-generated/resources/Observation-Sauerstoffsaettigung-im-Blut-Postduktal-durch-Pulsoxymetrie.json	1107	2	0	0	0	0	0	0	0	1	0	0	0	0	0	0	0	0	0	0	9	8	0	0	0	0	0	0	0
fsh-generated/resources/Observation-Sauerstoffsaettigung-im-Blut-Preduktal-durch-Pulsoxymetrie.json	1103	3	0	0	1	0	0	0	0	1	0	0	0	0	0	0	0	0	0	0	8	9	0	0	0	0	0	0	0
fsh-generated/resources/Observation-Systemischer-vaskulaerer-Widerstandsindex.json	1274	3	0	0	0	0	0	0	0	1	0	0	0	0	0	0	0	0	0	0	9	8	0	0	0	0	0	0	0
fsh-generated/resources/Observation-Zentralvenoeser-Blutdruck.json	1361	3	0	0	0	0	0	0	0	1	0	0	0	0	0	0	0	0	0	0	9	9	0	0	0	0	0	0	0
fsh-generated/resources/OperationDefinition-ISiKAppointmentBookOperation.json	7655	2	0	0	0	0	0	0	0	11	0	0	0	0	0	0	0	0	0	0	17	10	0	0	0	0	1	0	0
fsh-generated/resources/OperationDefinition-UpdateMetadata.json	4163	3	0	0	0	0	0	0	1	6	0	0	0	0	0	0	0	0	0	0	11	7	0	0	0	0	0	0	0
fsh-generated/resources/Organization-AbteilungAllgemeinchirurgieOrganisationBeispiel.json	1117	3	0	0	0	0	0	0	0	315	0	0	0	0	0	0	0	0	0	0	9	10	0	0	0	0	0	0	0
fsh-generated/resources/Organization-KrankenhausOrganisationBeispiel.json	551	2	0	0	0	0	0	0	0	1	0	0	0	0	0	0	0	0	0	0	8	8	0	0	0	0	0	0	0
fsh-generated/resources/Parameters-ISiKSubscriptionStatusExample.json	1080	3	0	0	0	0	0	0	0	0	0	0	0	0	0	0	0	0	0	0	8	10	0	0	0	0	0	0	0
fsh-generated/resources/Parameters-ParametersExampleUpdateMetadata.json	166	2	0	0	0	0	0	0	0	0	0	0	0	0	0	0	0	0	0	0	7	8	0	0	0	0	0	0	0
fsh-generated/resources/Patient-DorisQuelle.json	924	3	0	0	0	0	0	0	0	0	0	0	0	0	0	0	0	0	0	0	8	7	0	0	0	0	0	0	0
fsh-generated/resources/Patient-DorisZiel.json	921	3	0	0	0	0	0	0	0	1	0	0	0	0	0	0	0	0	0	0	8	7	0	0	0	0	0	0	0
fsh-generated/resources/Patient-ISiKPatientTest.json	173	2	0	0	0	0	0	0	0	0	0	0	0	0	0	0	0	0	0	0	8	7	0	0	0	0	0	0	0
fsh-generated/resources/Patient-PatientinMinimal.json	636	3	0	0	0	0	0	0	0	0	0	0	0	0	0	0	0	0	0	0	7	8	0	0	0	0	0	0	0
fsh-generated/resources/Patient-PatientinMusterfrau.json	3508	2	0	0	0	0	0	0	1	1	0	0	0	0	0	0	0	0	0	0	10	8	0	0	0	0	0	0	0
fsh-generated/resources/Patient-PatientinMusterfrauMinimal.json	595	3	0	0	1	0	0	0	0	1	0	0	0	0	0	0	0	0	0	0	8	8	0	0	0	0	0	0	0
fsh-generated/resources/Patient-PatientinNormal.json	1497	3	0	0	0	0	0	0	0	1	0	0	0	0	0	0	0	0	0	0	9	10	0	0	0	0	0	0	0
fsh-generated/resources/Patient-SZ1Patient.json	934	3	0	0	0	0	0	0	0	1	0	0	0	0	0	0	0	0	0	0	8	8	0	0	0	0	0	0	0
fsh-generated/resources/Patient-SZ2Patient.json	933	2	0	0	0	0	0	0	0	1	0	0	0	0	0	0	0	0	0	0	8	7	0	0	0	0	0	0	0
fsh-generated/resources/Practitioner-PractitionerWalterArzt.json	2576	3	0	0	0	0	0	0	0	5	0	0	0	0	0	0	0	0	0	0	10	10	0	0	0	0	0	0	0
fsh-generated/resources/Procedure-Appendektomie.json	1111	3	0	0	0	0	0	0	0	5	0	0	0	0	0	0	0	0	0	0	8	13	0	0	0	0	0	0	0
fsh-generated/resources/Questionnaire-ExampleConditionalItem.json	1947	2	0	0	0	0	0	0	1	45	0	0	0	0	0	0	0	0	0	0	17	15	0	0	0	0	1	0	0
fsh-generated/resources/Questionnaire-ExampleEntryValidationDecimal.json	3127	3	0	0	0	0	0	0	0	8	0	0	0	0	0	0	0	0	0	0	17	13	0	0	0	0	1	0	0
fsh-generated/resources/Questionnaire-ExampleEntryValidationText.json	2037	3	0	0	1	0	0	0	0	10	0	0	0	0	0	0	0	0	0	0	88	13	0	0	0	0	1	0	0
fsh-generated/resources/Questionnaire-ExampleExtractWithUnit.json	3510	3	0	0	0	0	0	0	0	7	0	0	0	0	0	0	0	0	0	0	17	21	0	0	0	0	1	0	0
fsh-generated/resources/Questionnaire-ExampleInputPatternValidation.json	1647	2	0	0	0	0	0	0	1	7	0	0	0	0	0	0	0	0	0	0	13	17	0	0	0	0	1	0	0
fsh-generated/resources/Questionnaire-ExampleMdrRelevant.json	2114	3	0	0	1	0	0	0	0	7	0	0	0	0	0	0	0	0	0	0	17	18	0	0	0	0	1	0	0
fsh-generated/resources/Questionnaire-ExamplePrePopDemo.json	3462	3	0	0	0	0	0	0	0	6	0	0	0	0	0	0	0	0	0	0	18	15	0	0	0	0	0	0	0
fsh-generated/resources/Questionnaire-ExamplePrePopObservation.json	5232	2	0	0	0	0	0	0	1	53	0	0	0	0	0	0	0	1	0	0	20	16279	0	0	1	0	1	0	0
fsh-generated/resources/QuestionnaireResponse-ExampleEntryValidationDecimalResponse.json	1215	3	0	0	0	0	0	0	0	2	0	0	0	0	0	0	0	0	0	0	14	22	1	0	0	0	0	0	0
fsh-generated/resources/QuestionnaireResponse-ExampleExtractWithUnitResponse.json	1129	2	0	0	0	0	0	0	0	1	0	0	0	0	0	0	0	0	0	0	14	12	0	0	0	0	0	0	0
fsh-generated/resources/QuestionnaireResponse-TestMaxDecimal0.json	1190	3	0	0	0	0	0	0	0	1	0	0	0	0	0	0	0	0	0	0	19	11	0	0	0	0	0	0	0
fsh-generated/resources/QuestionnaireResponse-TestMaxDecimal1.json	1194	3	0	0	1	0	0	0	0	1	0	0	0	0	0	0	0	0	0	0	14	22	0	0	0	0	0	0	0
fsh-generated/resources/QuestionnaireResponse-TestMaxDecimal2.json	1195	3	0	0	0	0	0	0	0	1	0	0	0	0	0	0	0	0	0	0	14	16	0	0	0	0	0	0	0
fsh-generated/resources/QuestionnaireResponse-TestMaxDecimal3.json	1196	3	0	0	0	0	0	0	0	1	0	0	0	0	0	0	0	0	0	0	14	13	0	0	0	0	0	0	0
fsh-generated/resources/RelatedPerson-ISiKAngehoerigerMustermann.json	747	2	0	0	0	0	0	0	0	1	0	0	0	0	0	0	0	0	0	0	8	9	0	0	0	0	0	0	0
fsh-generated/resources/RelatedPerson-SZ1Mutter.json	1014	3	0	0	1	0	0	0	0	0	0	0	0	0	0	0	0	0	0	0	9	9	0	0	0	0	0	0	0
fsh-generated/resources/RiskAssessment-ExampleISiKAMTSBewertung1.json	1319	3	0	0	0	0	0	0	1	0	0	0	0	0	0	0	0	0	0	0	8	17	0	0	0	0	0	0	0
fsh-generated/resources/Schedule-ISiKKalenderExample.json	656	2	0	0	0	0	0	0	0	2	0	0	0	0	0	0	0	0	0	0	8	10	0	0	0	0	0	0	0
fsh-generated/resources/SearchParameter-Encounter-date-start.json	989	3	0	0	0	0	0	0	0	4	0	0	0	0	0	0	0	0	0	0	9	7	0	0	0	0	1	0	0
fsh-generated/resources/SearchParameter-Encounter-end-date.json	977	3	0	0	0	0	0	0	0	6	0	0	0	0	0	0	0	0	0	0	9	7	0	0	0	0	0	0	0
fsh-generated/resources/Slot-ISiKTerminblockExample.json	332	2	0	0	0	0	1	0	0	1	0	0	0	0	0	0	0	0	0	0	8	10	0	0	0	0	0	0	0
fsh-generated/resources/StructureDefinition-AppointmentReplaces.json	2080	3	0	10	0	0	0	0	0	18	0	0	0	0	0	0	0	0	0	0	22	486	0	0	0	0	1	1	0
fsh-generated/resources/StructureDefinition-BackportSubscriptionNotificationR4Fixed.json	4917	3	0	131	1	0	0	0	0	35	0	0	1	0	0	0	0	0	0	0	101	748	0	0	0	0	6	0	0
fsh-generated/resources/StructureDefinition-BackportSubscriptionStatusR4Fixed.json	15701	3	0	105	0	0	0	0	1	83	0	0	0	0	0	0	0	2	0	0	164	743	0	0	0	0	8	0	1
fsh-generated/resources/StructureDefinition-ExtensionISiKAcceptedRisk.json	1872	3	0	19	0	0	0	0	0	8	0	0	0	0	0	0	0	0	0	0	21	158	0	0	0	0	1	0	0
fsh-generated/resources/StructureDefinition-ExtensionISiKBehandlungsziel.json	2039	3	0	22	0	0	0	0	0	7	0	0	0	0	0	0	0	0	0	0	20	118	0	0	0	0	1	0	0
fsh-generated/resources/StructureDefinition-ExtensionISiKCapabilityStatementImportsExpectation.json	2511	2	0	19	0	0	0	0	0	8	0	0	0	0	0	0	0	0	0	0	22	149	0	0	0	0	1	0	0
fsh-generated/resources/StructureDefinition-ExtensionISiKMedicationRequestReplaces.json	1806	3	0	23	1	0	0	0	0	7	0	0	0	0	0	0	0	0	0	0	29	150	0	0	0	0	1	0	0
fsh-generated/resources/StructureDefinition-ExtensionISiKMedicationStatementReplaces.json	2134	2	0	21	0	0	0	0	0	7	0	0	0	0	0	0	0	0	0	0	28	141	0	0	0	0	2	0	0
fsh-generated/resources/StructureDefinition-ExtensionISiKMedikationsart.json	2427	3	0	26	0	0	0	0	0	8	0	0	0	0	0	0	0	0	0	0	30	152	0	0	0	0	1	0	0
fsh-generated/resources/StructureDefinition-ExtensionISiKRehaEntlassung.json	5547	3	0	27	0	0	0	0	0	19	0	0	0	0	0	0	0	0	0	0	59	208	0	0	0	0	3	0	0
fsh-generated/resources/StructureDefinition-ExtensionISiKSelbstmedikation.json	1884	2	0	17	1	0	0	0	0	7	0	0	0	0	0	0	0	0	0	0	21	114	0	0	0	0	1	0	0
fsh-generated/resources/StructureDefinition-ISiKAMTSBewertung.json	16787	4	0	77	0	0	0	0	0	40	0	0	0	0	0	0	0	1	0	0	194	839	0	0	0	0	11	0	1
fsh-generated/resources/StructureDefinition-ISiKASKCoding.json	1251	2	0	20	0	0	0	0	0	8	0	0	1	0	0	0	0	0	0	0	25	133	0	0	0	0	1	0	0
fsh-generated/resources/StructureDefinition-ISiKATCCoding.json	1251	3	0	31	0	0	0	0	0	6	0	0	0	0	0	0	0	0	0	0	23	101	0	0	0	0	1	0	0
fsh-generated/resources/StructureDefinition-ISiKAbrechnungsfall.json	14668	3	0	63	0	0	0	0	0	30	0	0	0	0	0	0	0	1	0	0	137	397	0	0	0	0	8	0	0
fsh-generated/resources/StructureDefinition-ISiKAlkoholAbusus.json	1961	3	0	126	1	0	0	0	0	25	0	0	0	0	0	0	0	1	0	0	114	2820	0	0	0	0	8	0	1
fsh-generated/resources/StructureDefinition-ISiKAllergieUnvertraeglichkeit.json	20366	3	0	56	0	0	0	0	0	41	0	0	0	0	0	0	0	1	0	0	229	767	0	0	1	0	13	1	0
fsh-generated/resources/StructureDefinition-ISiKAngehoeriger.json	21846	3	0	62	0	0	0	0	0	38	0	0	0	0	0	0	0	1	0	0	181	958	0	0	0	0	12	0	1
fsh-generated/resources/StructureDefinition-ISiKAtemfrequenz.json	11655	3	0	104	0	0	0	0	0	27	0	0	0	0	0	0	0	1	0	0	159	4423	0	0	0	0	10	0	0
fsh-generated/resources/StructureDefinition-ISiKBerichtBundle.json	7644	3	0	119	1	0	0	0	0	25	0	0	0	0	0	0	0	1	0	0	165	430	0	0	0	0	10	0	1
fsh-generated/resources/StructureDefinition-ISiKBerichtSubSysteme.json	20017	4	0	24	0	0	0	0	1	31	0	0	1	0	0	0	0	2	0	0	213	1027	0	0	0	0	14	0	0
fsh-generated/resources/StructureDefinition-ISiKBinary.json	3748	2	0	10	0	0	0	0	0	13	0	0	0	0	0	0	0	0	0	0	37	116	0	0	0	0	2	0	0
fsh-generated/resources/StructureDefinition-ISiKBlutdruckSystemischArteriell.json	23872	4	0	170	0	0	0	0	0	99	0	0	0	0	0	0	0	1	0	0	298	4662	0	0	0	0	18	0	1
fsh-generated/resources/StructureDefinition-ISiKCodeSystem.json	6663	2	0	64	1	0	0	0	0	14	0	0	0	0	0	0	0	1	0	0	111	362	0	0	0	0	6	1	0
fsh-generated/resources/StructureDefinition-ISiKCoding.json	1273	3	0	8	0	0	0	0	0	7	0	0	0	0	0	0	0	0	0	0	24	88	0	0	0	0	1	0	0
fsh-generated/resources/StructureDefinition-ISiKDiagnose.json	22162	3	0	111	0	0	0	0	0	371	0	0	0	0	0	0	0	1	0	0	199	5670	0	0	0	0	17	0	1
fsh-generated/resources/StructureDefinition-ISiKDokumentenMetadaten.json	32863	4	0	108	1	0	0	0	0	43	0	0	0	0	0	0	0	2	0	0	248	590	0	0	1	0	16	0	1
fsh-generated/resources/StructureDefinition-ISiKDokumentenSuchergebnisse.json	3917	3	0	59	0	0	0	0	0	14	0	0	0	0	0	0	0	1	0	0	103	290	0	0	0	0	6	0	0
fsh-generated/resources/StructureDefinition-ISiKEKG.json	13866	3	0	102	0	0	0	0	0	42	0	0	1	0	0	0	0	1	0	0	187	1570	0	0	0	0	12	0	0
fsh-generated/resources/StructureDefinition-ISiKFormularDaten.json	12275	3	0	49	0	0	0	0	0	23	0	0	0	0	0	0	0	0	0	0	112	269	0	0	0	0	7	0	1
fsh-generated/resources/StructureDefinition-ISiKFormularDefinition.json	11790	3	0	67	1	0	0	0	0	20	0	0	0	0	0	0	0	1	0	0	128	383	0	0	0	0	8	0	0
fsh-generated/resources/StructureDefinition-ISiKGCS.json	19288	3	0	149	0	0	0	0	0	40	0	0	0	0	0	0	0	2	0	0	260	4896	0	0	0	0	16	0	1
fsh-generated/resources/StructureDefinition-ISiKHerzfrequenz.json	11699	3	0	100	1	0	0	0	0	71	0	0	0	0	0	0	0	1	0	0	167	1768	0	0	0	0	11	1	0
fsh-generated/resources/StructureDefinition-ISiKICD10GMCoding.json	1482	3	0	10	0	0	0	0	0	10	0	0	0	0	0	0	0	0	0	0	31	99	0	0	0	0	1	0	0
fsh-generated/resources/StructureDefinition-ISiKKalender.json	11015	2	0	43	0	0	0	0	0	30	0	0	0	0	0	0	0	0	0	0	94	244	0	0	0	0	6	0	1
fsh-generated/resources/StructureDefinition-ISiKKoerpergewicht.json	11719	3	0	127	1	0	0	0	0	39	0	0	0	0	0	0	0	1	0	0	164	2076	0	0	0	0	10	0	0
fsh-generated/resources/StructureDefinition-ISiKKoerpergroesse.json	11721	3	0	97	0	0	0	0	0	32	0	0	1	0	0	0	0	1	0	0	164	2042	0	0	0	0	11	0	1
fsh-generated/resources/StructureDefinition-ISiKKoerperkerntemperatur.json	3010	3	0	1781	1	0	0	0	0	33	0	0	0	0	0	0	0	1	0	0	131	57058	0	0	0	0	9	0	0
fsh-generated/resources/StructureDefinition-ISiKKoerpertemperatur.json	11736	3	0	0	0	0	0	0	0	39	0	0	0	0	0	0	0	2	0	0	158	792	0	0	0	0	11	0	1
fsh-generated/resources/StructureDefinition-ISiKKontaktGesundheitseinrichtung.json	53577	4	0	130	0	0	0	0	1	139	0	0	0	0	0	0	0	3	0	0	504	1483	0	0	0	0	31	1	1
fsh-generated/resources/StructureDefinition-ISiKKopfumfang.json	11730	3	0	58	5	0	0	0	0	39	0	0	0	0	0	0	0	1	0	0	158	64210	0	0	0	0	11	0	0
fsh-generated/resources/StructureDefinition-ISiKLaboruntersuchung.json	21686	4	0	62	1	0	0	0	0	67	0	0	1	0	0	0	0	1	0	0	259	1646	0	0	0	0	18	0	1
fsh-generated/resources/StructureDefinition-ISiKLaboruntersuchungCRP.json	2428	3	0	22	0	0	0	0	0	72	0	0	0	0	0	0	0	2	0	0	168	1568	0	0	0	0	12	0	1
fsh-generated/resources/StructureDefinition-ISiKLaboruntersuchungGFR.json	2428	2	0	71	0	0	0	0	0	38	0	0	0	0	0	0	0	1	0	0	169	1620	0	0	0	0	12	0	0
fsh-generated/resources/StructureDefinition-ISiKLaboruntersuchungHb.json	2421	3	0	38	1	0	0	0	0	38	0	0	0	0	0	0	0	1	0	0	170	1633	0	0	0	0	11	0	1
fsh-generated/resources/StructureDefinition-ISiKLaboruntersuchungPCT.json	2429	3	0	38	0	0	0	0	0	36	0	0	0	0	0	0	0	1	0	0	170	1586	0	0	0	0	12	0	1
fsh-generated/resources/StructureDefinition-ISiKLaboruntersuchungSerumkreatinin.json	2516	2	0	36	0	0	0	0	0	38	0	0	0	0	0	0	0	2	0	0	170	1545	0	0	1	0	11	0	0
fsh-generated/resources/StructureDefinition-ISiKLaboruntersuchungTSH.json	2428	3	0	37	0	0	0	0	0	34	0	0	0	0	0	0	0	1	0	0	170	1646	0	0	0	0	12	0	1
fsh-generated/resources/StructureDefinition-ISiKLaboruntersuchungThrombozyten.json	2501	2	0	35	1	0	0	0	0	24	0	0	0	0	0	0	0	1	0	0	169	1563	0	0	0	0	12	0	0
fsh-generated/resources/StructureDefinition-ISiKLaboruntersuchungTroponin.json	2469	3	0	35	0	0	0	0	0	22	0	0	1	0	0	0	0	1	0	0	171	1643	0	0	0	0	11	0	1
fsh-generated/resources/StructureDefinition-ISiKLebensZustand.json	9539	3	0	0	0	0	0	0	0	18	0	0	0	0	0	0	0	1	0	0	122	332	0	0	0	0	9	1	0
fsh-generated/resources/StructureDefinition-ISiKLoincCoding.json	974	2	0	8	1	0	0	0	0	6	0	0	0	0	0	0	0	0	0	0	23	95	0	0	0	0	1	0	1
fsh-generated/resources/StructureDefinition-ISiKMDRRelevanzFormularExtension.json	2396	3	0	7	0	0	0	0	0	7	0	0	0	0	0	0	0	0	0	0	22	66	0	0	0	0	1	0	0
fsh-generated/resources/StructureDefinition-ISiKMedikament.json	17767	3	0	61	0	0	0	0	0	150	0	0	0	0	0	0	0	1	0	0	155	376	0	0	0	0	10	0	0
fsh-generated/resources/StructureDefinition-ISiKMedikationTransaction.json	3737	3	0	31	0	0	0	0	0	24	0	0	0	0	0	0	0	0	0	0	79	165	0	0	0	0	4	0	0
fsh-generated/resources/StructureDefinition-ISiKMedikationTransactionResponse.json	4179	3	0	30	1	0	0	0	0	91	0	0	0	0	0	0	0	0	0	0	83	165	0	0	0	0	5	0	0
fsh-generated/resources/StructureDefinition-ISiKMedikationsInformation.json	44204	5	0	135	0	0	0	0	0	70	0	0	0	0	0	0	0	2	0	0	485	1114	0	0	0	0	27	0	1
fsh-generated/resources/StructureDefinition-ISiKMedikationsListe.json	8313	3	0	109	0	0	0	0	0	17	0	0	0	0	0	0	0	1	0	0	112	468	0	0	0	0	7	0	1
fsh-generated/resources/StructureDefinition-ISiKMedikationsVerabreichung.json	25839	3	0	78	1	0	0	0	1	31	0	0	0	0	0	0	0	1	0	0	216	525	0	0	0	0	13	0	0
fsh-generated/resources/StructureDefinition-ISiKMedikationsVerordnung.json	40995	5	0	174	0	0	0	0	0	68	0	0	1	0	0	0	0	2	0	0	443	1045	0	0	0	0	26	0	1
fsh-generated/resources/StructureDefinition-ISiKMedizinischeBehandlungseinheit.json	8896	3	0	46	1	0	0	0	0	14	0	0	0	0	0	0	0	1	0	0	89	233	0	0	0	0	6	0	1
fsh-generated/resources/StructureDefinition-ISiKOrganisation.json	18051	3	0	84	0	0	0	0	0	43	0	0	0	0	0	0	0	1	0	0	211	466	0	0	1	0	12	0	0
fsh-generated/resources/StructureDefinition-ISiKOrganisationFachabteilung.json	20919	4	0	82	0	0	0	0	0	31	0	0	0	0	0	0	0	1	0	0	213	475	0	0	0	0	13	0	1
fsh-generated/resources/StructureDefinition-ISiKPZNCoding.json	1251	2	0	8	1	0	0	0	0	7	0	0	0	0	0	0	0	0	0	0	24	82	0	0	0	0	2	0	0
fsh-generated/resources/StructureDefinition-ISiKPatient.json	42368	4	0	119	0	0	0	0	0	98	0	0	0	0	0	0	0	2	0	0	360	866	0	0	0	0	22	0	1
fsh-generated/resources/StructureDefinition-ISiKPersonImGesundheitsberuf.json	18425	4	0	187	1	0	0	0	0	54	0	0	1	0	0	0	0	1	0	0	273	1494	0	0	0	0	16	0	1
fsh-generated/resources/StructureDefinition-ISiKProzedur.json	16199	3	0	72	0	0	0	0	0	688	0	0	0	0	0	0	0	1	0	0	141	350	0	0	0	0	10	0	0
fsh-generated/resources/StructureDefinition-ISiKRaucherStatus.json	1966	3	0	24	0	0	0	0	0	15	0	0	0	0	0	0	0	1	0	0	112	1560	0	0	0	0	7	0	0
fsh-generated/resources/StructureDefinition-ISiKSauerstoffsaettigungArteriell.json	11919	3	0	120	1	0	0	0	0	21	0	0	0	0	0	0	0	1	0	0	164	2337	0	0	0	0	11	0	1
fsh-generated/resources/StructureDefinition-ISiKSchwangerschaftErwarteterEntbindungstermin.json	1220	2	0	23	0	0	0	0	0	13	0	0	0	0	0	0	0	0	0	0	127	605	0	0	0	0	6	0	0
fsh-generated/resources/StructureDefinition-ISiKSchwangerschaftsstatus.json	2503	3	0	29	0	0	0	0	0	14	0	0	0	0	0	0	0	1	0	0	110	1227	0	0	0	0	8	0	1
fsh-generated/resources/StructureDefinition-ISiKSnomedCTCoding.json	1394	2	0	8	0	0	0	0	0	6	0	0	0	0	0	0	0	0	0	0	23	83	0	0	0	0	1	0	0
fsh-generated/resources/StructureDefinition-ISiKStandort.json	8343	3	0	39	1	0	0	0	0	12	0	0	0	0	0	0	0	1	0	0	77	212	0	0	0	0	5	1	0
fsh-generated/resources/StructureDefinition-ISiKStandortBettenstellplatz.json	1890	3	0	15	0	0	0	0	0	10	0	0	0	0	0	0	0	0	0	0	62	202	0	0	0	0	4	0	0
fsh-generated/resources/StructureDefinition-ISiKStandortRaum.json	1558	2	0	16	0	0	0	0	0	9	0	0	0	0	0	0	0	0	0	0	62	203	0	0	0	0	3	0	0
fsh-generated/resources/StructureDefinition-ISiKStillstatus.json	1709	3	0	23	0	0	0	0	0	14	0	0	0	0	0	0	0	1	0	0	107	1615	0	0	0	0	7	0	0
fsh-generated/resources/StructureDefinition-ISiKSubscription.json	8631	3	0	1746	1	0	0	0	0	15	0	0	0	0	0	0	0	0	0	0	88	218	0	0	0	0	5	0	1
fsh-generated/resources/StructureDefinition-ISiKSubscriptionNotification.json	774	2	0	14	0	0	0	0	0	11	0	0	0	0	0	0	0	1	0	0	88	217	0	0	0	0	6	0	0
fsh-generated/resources/StructureDefinition-ISiKSubscriptionStatus.json	754	3	0	14	0	0	0	0	0	14	0	0	1	0	0	0	0	0	0	0	105	343	0	0	0	0	5	0	0
fsh-generated/resources/StructureDefinition-ISiKTermin.json	19393	3	0	88	0	0	0	0	1	75	0	0	0	0	0	0	0	1	0	0	210	474	0	0	0	0	12	0	1
fsh-generated/resources/StructureDefinition-ISiKTerminKontaktMitGesundheitseinrichtung.json	2431	3	0	81	1	0	0	0	0	34	0	0	0	0	0	0	0	1	0	0	295	1316	0	0	0	0	20	0	1
fsh-generated/resources/StructureDefinition-ISiKTerminPriorityExtension.json	2014	2	0	5	0	0	0	0	0	8	0	0	0	0	0	0	0	0	0	0	22	71	0	0	0	0	1	0	0
fsh-generated/resources/StructureDefinition-ISiKTerminblock.json	3906	3	0	14	0	0	0	0	0	12	0	0	0	0	0	0	0	0	0	0	57	154	0	0	0	0	4	0	0
fsh-generated/resources/StructureDefinition-ISiKValueSet.json	7845	3	0	60	1	0	0	0	0	16	0	0	0	0	0	0	0	1	0	0	128	353	0	0	0	0	8	0	1
fsh-generated/resources/StructureDefinition-ISiKVersicherungsverhaeltnisGesetzlich.json	11169	3	0	78	0	0	0	0	0	18	0	0	0	0	0	0	0	0	0	0	130	350	0	0	0	0	8	0	0
fsh-generated/resources/StructureDefinition-ISiKVersicherungsverhaeltnisSelbstzahler.json	6762	3	0	61	0	0	0	0	0	12	0	0	0	0	0	1	0	0	0	0	96	264	0	0	0	0	6	0	0
fsh-generated/resources/StructureDefinition-ISiKVersicherungsverhaeltnisSonstige.json	4624	2	0	51	1	0	0	0	0	11	0	0	0	0	0	0	0	0	0	0	77	218	0	0	0	0	5	0	1
fsh-generated/resources/StructureDefinition-MedicationQuantity.json	1343	3	0	8	0	0	0	0	0	6	0	0	0	0	0	0	0	0	0	0	26	82	0	0	0	0	1	0	0
fsh-generated/resources/StructureDefinition-PlannedEndDate.json	1821	2	0	6	0	0	0	0	0	5	0	0	0	0	0	0	0	1	0	0	21	65	0	0	0	0	1	0	0
fsh-generated/resources/StructureDefinition-PlannedStartDate.json	1939	3	0	7	0	0	0	0	0	6	0	0	0	0	0	0	0	0	0	0	22	65	0	0	0	0	1	0	0
fsh-generated/resources/StructureDefinition-ScheduleName.json	1976	3	0	6	0	0	0	0	0	5	0	0	0	0	0	0	0	0	0	0	21	64	0	0	0	0	1	0	0
fsh-generated/resources/StructureDefinition-sd-mii-icu-herzzeitvolumen.json	2173	2	0	64	1	0	0	0	0	17	0	0	0	0	0	0	0	0	0	0	137	3072	0	0	0	0	8	0	0
fsh-generated/resources/StructureDefinition-sd-mii-icu-ideales-koerpergewicht.json	2139	3	0	16	0	0	0	0	0	18	0	0	1	0	0	0	0	0	0	0	138	1673	0	0	0	0	9	0	1
fsh-generated/resources/StructureDefinition-sd-mii-icu-intrakranieller-druck-icp.json	2464	3	0	18	0	0	0	0	0	19	0	0	0	0	0	0	0	1	0	0	143	2058	0	0	0	0	9	0	0
fsh-generated/resources/StructureDefinition-sd-mii-icu-koerpergewicht-percentil-altersabhaengig.json	2935	2	0	72	0	0	0	0	0	20	0	0	0	0	0	0	0	0	0	0	156	2440	0	0	0	0	9	0	1
fsh-generated/resources/StructureDefinition-sd-mii-icu-koerpergroesse-percentil-altersabhaengig.json	2679	3	0	19	1	0	0	0	0	19	0	0	0	0	0	0	0	1	0	0	152	784	0	0	0	0	10	0	0
fsh-generated/resources/StructureDefinition-sd-mii-icu-koerpertemperatur-achsel.json	2149	3	0	17	0	0	0	0	0	52	0	0	0	0	0	0	0	0	0	0	136	2007	0	0	0	0	10	1	1
fsh-generated/resources/StructureDefinition-sd-mii-icu-koerpertemperatur-atemwege.json	2149	2	0	31	0	0	0	0	0	18	0	0	0	0	0	0	0	1	0	0	177	2011	0	0	0	0	8	0	0
fsh-generated/resources/StructureDefinition-sd-mii-icu-koerpertemperatur-blut.json	1851	3	0	16	0	0	0	0	0	20	0	0	0	0	0	0	0	0	0	0	132	1700	0	0	0	0	10	0	1
fsh-generated/resources/StructureDefinition-sd-mii-icu-koerpertemperatur-brust.json	2027	3	0	15	0	0	0	0	0	17	0	0	0	0	0	0	0	1	0	0	131	1110	0	0	0	0	9	0	0
fsh-generated/resources/StructureDefinition-sd-mii-icu-koerpertemperatur-brustwirbelsaeule.json	2088	2	0	19	1	0	0	0	0	17	0	0	0	0	0	0	0	0	0	0	131	1121	0	0	0	0	8	0	1
fsh-generated/resources/StructureDefinition-sd-mii-icu-koerpertemperatur-gelenk.json	2028	3	0	16	0	0	0	0	0	17	0	0	0	0	0	0	0	0	0	0	131	1163	0	0	0	0	9	0	0
fsh-generated/resources/StructureDefinition-sd-mii-icu-koerpertemperatur-generisch.json	2015	3	0	0	0	0	0	0	0	16	0	0	1	0	0	0	0	1	0	0	130	475	0	0	0	0	8	0	1
fsh-generated/resources/StructureDefinition-sd-mii-icu-koerpertemperatur-halswirbelsaeule.json	2083	2	0	15	0	0	0	0	0	18	0	0	0	0	0	0	0	0	0	0	130	1087	0	0	0	0	9	0	0
fsh-generated/resources/StructureDefinition-sd-mii-icu-koerpertemperatur-harnblase.json	2136	3	0	15	1	0	0	1	0	17	0	0	0	0	0	0	0	1	0	0	134	1694	0	0	1	0	9	0	1
fsh-generated/resources/StructureDefinition-sd-mii-icu-koerpertemperatur-kern.json	1771	3	0	46	0	0	0	0	0	16	0	0	0	0	0	0	0	0	0	0	126	756	0	0	0	0	8	0	0
fsh-generated/resources/StructureDefinition-sd-mii-icu-koerpertemperatur-leiste.json	2123	2	0	34	0	0	0	0	0	18	0	0	0	0	0	0	0	1	0	0	134	1699	0	0	0	0	10	0	1
fsh-generated/resources/StructureDefinition-sd-mii-icu-koerpertemperatur-lendenwirbelsaeule.json	2082	3	0	22	0	0	0	0	0	17	0	0	0	0	0	0	0	0	0	0	133	1098	0	0	0	0	8	0	0
fsh-generated/resources/StructureDefinition-sd-mii-icu-koerpertemperatur-myokard.json	2133	2	0	23	1	0	0	0	0	17	0	0	0	0	0	0	0	1	0	0	135	1680	0	0	0	0	9	0	0
fsh-generated/resources/StructureDefinition-sd-mii-icu-koerpertemperatur-nasal.json	2136	3	0	34	0	0	0	0	0	17	0	0	0	0	0	0	0	0	0	0	134	1776	0	0	0	0	8	0	1
fsh-generated/resources/StructureDefinition-sd-mii-icu-koerpertemperatur-nasen-rachen-raum.json	2321	3	0	35	0	0	0	0	0	54	0	0	0	0	0	0	0	0	0	0	136	2024	0	0	0	0	9	0	0
fsh-generated/resources/StructureDefinition-sd-mii-icu-koerpertemperatur-rektal.json	2142	2	0	33	0	0	0	0	0	21	0	0	0	0	0	0	0	1	0	0	135	2041	0	0	0	0	10	0	1
fsh-generated/resources/StructureDefinition-sd-mii-icu-koerpertemperatur-speiseroehre.json	2180	3	0	34	0	0	0	0	0	19	0	0	0	0	0	0	0	0	0	0	138	2039	0	0	0	0	9	0	0
fsh-generated/resources/StructureDefinition-sd-mii-icu-koerpertemperatur-stirn.json	2027	3	0	35	1	0	0	0	0	18	0	0	1	0	0	0	0	1	0	0	131	1085	0	0	0	0	8	0	1
fsh-generated/resources/StructureDefinition-sd-mii-icu-koerpertemperatur-trommelfell.json	2170	2	0	32	0	0	0	0	0	20	0	0	0	0	0	0	0	0	0	0	138	2015	0	0	0	0	9	1	0
fsh-generated/resources/StructureDefinition-sd-mii-icu-koerpertemperatur-unter-der-zunge.json	2177	3	0	27	0	0	0	0	0	23	0	0	0	0	0	0	0	0	0	0	138	2111	0	0	0	0	10	0	1
fsh-generated/resources/StructureDefinition-sd-mii-icu-koerpertemperatur-vaginal.json	2093	2	0	32	0	0	0	0	0	18	0	0	0	0	0	0	0	1	0	0	135	1141	0	0	0	0	8	0	0
fsh-generated/resources/StructureDefinition-sd-mii-icu-linksatrialer-druck.json	4647	3	0	149	0	0	0	0	0	44	0	0	0	0	0	0	0	1	0	0	343	1928	0	0	0	0	19	0	1
fsh-generated/resources/StructureDefinition-sd-mii-icu-linksventri-herzindex-durch-indikatorverduennung.json	2010	3	0	57	1	0	0	0	0	19	0	0	0	0	0	0	0	0	0	0	137	1055	0	0	0	0	8	0	1
fsh-generated/resources/StructureDefinition-sd-mii-icu-linksventri-herzzeitvolumen-durch-indikatorverd.json	1995	3	0	27	0	0	0	0	0	19	0	0	0	0	0	0	0	0	0	0	133	1017	0	0	0	0	9	0	0
fsh-generated/resources/StructureDefinition-sd-mii-icu-linksventri-schlagvolumen-durch-indikatorverduennung.json	1930	3	0	28	0	0	0	0	0	18	0	0	0	0	0	0	0	1	0	0	133	1012	0	0	0	0	8	0	1
fsh-generated/resources/StructureDefinition-sd-mii-icu-linksventri-schlagvolumenindex-durch-indikatorverd.json	1960	2	0	16	0	0	0	0	0	49	0	0	0	0	0	0	0	0	0	0	133	1078	0	0	0	0	18	0	0
fsh-generated/resources/StructureDefinition-sd-mii-icu-linksventrikulaerer-druck.json	4442	3	0	32	1	0	0	0	0	38	0	0	1	0	0	0	0	1	0	0	308	1011	0	0	0	0	23	0	1
fsh-generated/resources/StructureDefinition-sd-mii-icu-linksventrikulaerer-herzindex.json	2598	3	0	19	0	0	0	0	0	20	0	0	0	0	0	0	0	0	0	0	161	2064	0	0	0	0	9	0	1
fsh-generated/resources/StructureDefinition-sd-mii-icu-linksventrikulaeres-schlagvolumen.json	2482	3	0	19	0	0	0	0	0	20	0	0	0	0	0	0	0	1	0	0	141	2026	0	0	0	0	9	0	0
fsh-generated/resources/StructureDefinition-sd-mii-icu-linksventrikulaeres-schlagvolumenindex.json	2086	54	0	17	0	0	0	0	0	33	0	0	0	0	0	0	0	0	0	0	135	1381	0	0	0	0	9	0	0
fsh-generated/resources/StructureDefinition-sd-mii-icu-monitoring-und-vitaldaten.json	12538	4	0	0	0	0	0	0	0	39	0	0	0	0	0	0	0	1	0	0	192	482	0	0	0	0	13	0	1
fsh-generated/resources/StructureDefinition-sd-mii-icu-o2saettigung-im-arteriellen-blut-durch-pulsoxymetrie.json	3967	3	0	24	1	0	0	0	0	25	0	0	1	0	0	0	0	0	0	0	177	1239	0	0	0	0	11	0	1
fsh-generated/resources/StructureDefinition-sd-mii-icu-o2saettigung-im-blut-postduktal-durch-pulsoxymetrie.json	2173	2	0	18	0	0	0	0	0	19	0	0	0	0	0	0	0	1	0	0	137	1363	0	0	0	0	8	0	0
fsh-generated/resources/StructureDefinition-sd-mii-icu-o2saettigung-im-blut-preduktal-durch-pulsoxymetrie.json	2168	3	0	16	0	0	0	0	0	18	0	0	0	0	0	0	0	0	0	0	133	1386	0	0	0	0	9	0	1
fsh-generated/resources/StructureDefinition-sd-mii-icu-pulmonalarterieller-blutdruck.json	5722	3	0	37	0	0	0	0	0	86	0	0	0	0	0	0	0	1	0	0	309	1324	0	0	0	0	19	0	1
fsh-generated/resources/StructureDefinition-sd-mii-icu-pulmonalarterieller-wedge-druck.json	2492	3	0	16	0	0	0	0	0	28	0	0	0	0	0	0	0	1	0	0	139	2041	0	0	0	0	9	0	0
fsh-generated/resources/StructureDefinition-sd-mii-icu-pulmonalvaskulaerer-widerstandsindex.json	2362	2	0	17	0	0	0	0	0	26	0	0	0	0	0	0	0	1	0	0	142	1703	0	0	0	0	9	1	1
fsh-generated/resources/StructureDefinition-sd-mii-icu-puls.json	2863	3	0	20	0	0	0	0	0	29	0	0	0	0	0	0	0	0	0	0	151	1125	0	0	0	0	10	0	0
fsh-generated/resources/StructureDefinition-sd-mii-icu-rechtsatrialer-druck.json	4983	3	0	106	0	0	0	0	1	55	0	0	0	0	0	0	0	2	0	0	348	1219	0	0	0	0	18	0	1
fsh-generated/resources/StructureDefinition-sd-mii-icu-rechtsventrikulaerer-druck.json	5069	3	0	57	0	0	0	0	0	82	0	0	1	0	0	0	0	1	0	0	293	1330	0	0	0	0	19	0	1
fsh-generated/resources/StructureDefinition-sd-mii-icu-sonstige-pulsatile-druecke-generisch.json	23140	4	0	0	1	0	0	0	0	104	0	0	0	0	0	0	0	2	0	0	417	959	0	0	0	0	31	0	1
fsh-generated/resources/StructureDefinition-sd-mii-icu-systemischer-vaskulaerer-widerstandsindex.json	2512	3	0	27	0	0	0	0	0	26	0	0	0	0	0	0	0	0	0	0	136	1698	0	0	0	0	10	0	1
fsh-generated/resources/StructureDefinition-sd-mii-icu-zentralvenoeser-blutdruck.json	2460	2	0	24	0	0	0	0	0	48	0	0	0	0	0	0	0	1	0	0	140	1707	0	0	0	0	9	0	0
fsh-generated/resources/Subscription-PatientMergeSubscriptionExample.json	763	3	0	0	0	0	0	0	0	310	0	0	0	0	0	0	0	0	0	0	9	11	0	0	0	0	0	0	0
fsh-generated/resources/ValueSet-ConditionDiagnosisSeverity.json	1042	3	0	0	0	0	0	0	0	987	0	0	0	0	0	0	0	0	0	0	10	1021	0	0	0	0	1	0	0
fsh-generated/resources/ValueSet-DiagnosesSCT.json	1045	2	0	0	0	0	0	0	0	937	0	0	0	0	0	0	0	0	0	0	9	2575	0	0	0	0	0	0	0
fsh-generated/resources/ValueSet-EncounterReasonCodes.json	1224	3	0	0	0	0	0	0	0	314	0	0	0	0	0	0	0	0	0	0	9	1882	0	0	0	0	1	0	0
fsh-generated/resources/ValueSet-FhirMimeTypeVS.json	603	2	0	0	1	0	0	0	0	328	0	0	0	0	0	0	0	0	0	0	12	343	0	0	0	0	0	0	0
fsh-generated/resources/ValueSet-ISiKAccountType.json	652	3	0	0	0	0	0	0	0	10	0	0	0	0	0	0	0	0	0	0	16	29	0	0	0	0	0	0	0
fsh-generated/resources/ValueSet-ISiKBehandlungsergebnisReha.json	779	2	0	0	0	0	0	0	0	3	0	0	0	0	0	0	0	0	0	0	10	31	0	0	0	0	0	0	0
fsh-generated/resources/ValueSet-ISiKBesondereBehandlungsformReha.json	627	3	0	0	0	0	0	0	0	4	0	0	0	0	0	0	0	0	0	0	9	29	0	0	0	0	1	0	0
fsh-generated/resources/ValueSet-ISiKConfidentialityCodes.json	813	2	0	0	0	0	0	0	1	9	0	0	0	0	0	0	0	0	0	0	16	27	0	0	0	0	0	0	0
fsh-generated/resources/ValueSet-ISiKEntlassformReha.json	652	3	0	0	0	0	0	0	0	4	0	0	0	0	0	0	0	0	0	0	9	37	0	0	0	0	0	0	0
fsh-generated/resources/ValueSet-ISiKKernTempSctVS.json	1845	2	0	0	1	0	0	0	0	294	0	0	0	0	0	0	0	0	0	0	11	33	0	0	0	0	0	0	0
fsh-generated/resources/ValueSet-ISiKLocationPhysicalType.json	718	2	0	0	0	0	0	0	0	6	0	0	0	0	0	0	0	0	0	0	9	25	0	0	0	0	1	0	0
fsh-generated/resources/ValueSet-ISiKMDRRelevanzFormularVS.json	452	3	0	0	0	0	0	0	0	3	0	0	0	0	0	0	0	0	0	0	9	23	0	0	0	0	0	0	0
fsh-generated/resources/ValueSet-ISiKMedikationsartVS.json	487	2	0	0	0	0	0	0	0	4	0	0	0	0	0	0	0	0	0	0	12	24	0	0	0	0	0	0	0
fsh-generated/resources/ValueSet-ISiKSpecificGenericTempLoincVS.json	1087	3	0	0	0	0	0	0	0	320	0	0	0	0	0	0	0	0	0	0	11	45	0	0	0	0	0	0	0
fsh-generated/resources/ValueSet-ISiKSpecificKernTempLoincVS.json	1414	2	0	0	0	0	0	0	0	314	0	0	0	0	0	0	0	0	0	0	16	28	0	0	0	0	0	0	0
fsh-generated/resources/ValueSet-ISiKSubscriptionTopicVS.json	579	3	0	0	0	0	0	0	0	5	0	0	0	0	0	0	0	0	0	0	10	45	0	0	0	0	0	0	0
fsh-generated/resources/ValueSet-ISiKTerminCancelationReason.json	1053	2	0	0	0	0	0	0	1	5	0	0	0	0	0	0	0	0	0	0	12	28	0	0	0	0	0	0	0
fsh-generated/resources/ValueSet-ISiKTerminPriority.json	2145	3	0	0	1	0	0	0	0	291	0	0	0	0	0	0	0	0	0	0	11	360	0	0	0	0	1	0	0
fsh-generated/resources/ValueSet-ISiKUnterbrechungReha.json	650	2	0	0	0	0	0	0	0	7	0	0	0	0	0	0	0	0	0	0	9	33	0	0	0	0	0	0	0
fsh-generated/resources/ValueSet-ISiKValueSetExample.json	888	3	0	0	0	0	0	0	0	8	0	0	0	0	0	0	0	0	0	0	9	27	0	0	0	0	0	0	0
fsh-generated/resources/ValueSet-MedikationsListeListModeVS.json	665	2	0	0	0	0	0	0	0	8	0	0	0	0	0	0	0	0	0	0	9	22	0	0	0	0	0	0	0
fsh-generated/resources/ValueSet-ObservationCodesCRP.json	1920	3	0	0	0	0	0	0	0	296	0	0	0	0	0	0	0	0	0	0	11	35	0	0	0	0	1	0	0
fsh-generated/resources/ValueSet-ObservationCodesGFR.json	1933	2	0	0	0	0	0	0	0	310	0	0	0	0	0	0	0	0	0	0	11	36	0	0	0	0	0	0	0
fsh-generated/resources/ValueSet-ObservationCodesHb.json	17460	3	0	0	0	0	0	0	2	378	0	0	0	0	0	0	0	0	0	0	28	137	0	0	0	1	1	0	0
fsh-generated/resources/ValueSet-ObservationCodesPCT.json	886	3	0	0	1	0	0	0	0	316	0	0	0	0	0	0	0	0	0	0	9	27	0	0	0	0	1	0	0
fsh-generated/resources/ValueSet-ObservationCodesSerumkreatinin.json	3597	2	0	0	0	0	0	0	0	295	0	0	0	0	0	0	0	0	0	0	13	40	0	0	0	0	0	0	1
fsh-generated/resources/ValueSet-ObservationCodesTSH.json	6828	3	0	0	0	0	0	0	1	352	0	0	0	0	0	0	0	0	0	0	16	64	0	0	0	0	0	0	0
fsh-generated/resources/ValueSet-ObservationCodesThrombozyten.json	1921	3	0	0	0	0	0	0	0	313	0	0	0	0	0	0	0	0	0	0	10	37	0	0	0	0	1	0	0
fsh-generated/resources/ValueSet-ObservationCodesTroponin.json	1672	2	0	0	0	0	0	0	0	295	0	0	0	0	0	0	0	0	0	0	10	27	0	0	0	0	0	0	0
fsh-generated/resources/ValueSet-ObservationUnitsCRP.json	691	2	0	0	0	0	0	0	0	340	0	0	0	0	0	0	0	0	0	0	9	23	0	0	0	0	0	0	0
fsh-generated/resources/ValueSet-ObservationUnitsGFR.json	639	3	0	0	1	0	0	0	0	325	0	0	0	0	0	0	0	0	0	0	9	24	0	0	0	0	0	0	0
fsh-generated/resources/ValueSet-ObservationUnitsHb.json	687	2	0	0	0	0	0	0	0	315	0	0	0	0	0	0	0	0	0	0	9	33	0	0	0	0	0	0	0
fsh-generated/resources/ValueSet-ObservationUnitsPCT.json	681	3	0	0	0	0	0	0	1	328	0	0	0	0	0	0	0	0	0	0	9	31	0	0	0	0	0	0	0
fsh-generated/resources/ValueSet-ObservationUnitsSerumkreatinin.json	741	2	0	0	0	0	0	0	0	312	0	0	0	0	0	0	0	0	0	0	9	30	0	0	0	0	0	0	0
fsh-generated/resources/ValueSet-ObservationUnitsTSH.json	701	3	0	0	0	0	0	0	0	327	0	0	0	0	0	0	0	0	0	0	9	22	0	0	0	0	1	0	0
fsh-generated/resources/ValueSet-ObservationUnitsThrombozyten.json	632	2	0	0	1	0	0	0	0	330	0	0	0	0	0	0	0	0	0	0	9	19	0	0	0	0	0	0	0
fsh-generated/resources/ValueSet-ObservationUnitsTroponin.json	716	3	0	0	0	0	0	0	0	328	0	0	0	0	0	0	0	0	0	0	9	20	0	0	0	0	0	0	0
fsh-generated/resources/ValueSet-ProzedurenCodesSCT.json	603	2	0	0	0	0	0	0	0	5	0	0	0	0	0	0	0	0	0	0	9	1863	0	0	0	0	0	0	0
fsh-generated/resources/ValueSet-ProzedurenKategorieSCT.json	1127	3	0	0	0	0	0	0	0	339	0	0	0	0	0	0	0	0	0	0	9	399	0	0	1	0	0	0	0
fsh-generated/resources/ValueSet-SchwangerschaftEtMethodeVS.json	1501	2	0	0	0	0	0	0	0	296	0	0	0	0	0	0	0	0	0	0	12	38	0	0	0	0	0	0	0
fsh-generated/resources/ValueSet-SchwangerschaftsstatusVS.json	756	3	0	0	0	0	0	0	0	314	0	0	0	0	0	0	0	0	0	0	9	28	0	0	0	0	0	0	0
fsh-generated/resources/ValueSet-SctRouteOfAdministration.json	621	2	0	0	0	0	0	0	0	309	0	0	0	0	0	0	0	0	0	0	9	626	0	0	0	0	1	0	0
fsh-generated/resources/ValueSet-StillstatusVS.json	850	3	0	0	1	0	0	0	1	321	0	0	0	0	0	0	0	0	0	0	9	37	0	0	0	0	0	0	0
fsh-generated/resources/ValueSet-current-smoking-status-uv-ips.json	4009	3	0	0	0	0	0	0	0	297	0	0	0	0	0	0	0	0	0	0	11	43	0	0	0	0	1	0	0
fsh-generated/resources/ValueSet-subscription-notification-type.json	1520	2	0	0	0	0	0	0	0	4	0	0	0	0	0	0	0	0	0	0	10	31	0	0	0	0	0	0	0
fsh-generated/resources/ValueSet-vs-mii-icu-bodysite-observation-blutdruck.json	991	3	0	0	0	0	0	0	0	319	0	0	0	0	0	0	0	1	0	0	12	23	0	0	0	0	0	0	0
fsh-generated/resources/ValueSet-vs-mii-icu-bodysite-observation-monitoring-und-vitaldaten.json	2420	2	0	0	0	0	0	0	1	303	0	0	0	0	0	0	0	0	0	0	12	47	0	0	0	0	1	0	0
fsh-generated/resources/ValueSet-vs-mii-icu-code-monitoring-und-vitaldaten-iso11073.json	5800	3	0	0	1	0	0	0	0	439	0	0	0	0	0	0	0	0	0	0	13	70	0	0	0	0	0	0	0
fsh-generated/resources/ValueSet-vs-mii-icu-code-monitoring-und-vitaldaten-loinc.json	6796	3	0	0	0	0	0	0	1	363	0	0	0	0	0	0	0	0	0	0	16	82	0	0	0	0	1	0	0
fsh-generated/resources/ValueSet-vs-mii-icu-code-monitoring-und-vitaldaten-snomed.json	5052	2	0	0	0	0	0	0	0	303	0	0	0	0	0	0	0	0	0	0	15	71	0	0	0	0	0	0	0
fsh-generated/resources/ValueSet-vs-mii-icu-method-observation-blutdruck.json	771	3	0	0	0	0	0	0	0	310	0	0	0	0	0	0	0	0	0	0	9	103	0	0	0	0	0	0	0
/fsh-generated/includes/fsh-link-references.md	38113	-	-	-	0	0	0	0	0	0	0	0	0	0	0	0	0	0	0	0	0	1	0	0	0	0	0	0	0
/fsh-generated/includes/menu.xml	1043	-	-	-	0	0	0	0	0	0	0	0	0	0	0	0	0	0	0	0	0	0	0	0	0	0	0	0	0
/input/pagecontent/index.md	92	-	-	-	0	0	0	0	0	0	0	0	0	0	0	0	0	0	0	0	0	0	0	0	0	0	0	0	0
/template/config	0	-	-	-	0	0	0	0	0	0	0	0	0	0	0	0	0	0	0	0	0	0	0	0	0	0	0	0	0
/template/config/_config.yml	140	-	-	-	0	0	0	0	0	0	0	0	0	0	0	0	0	0	0	0	0	0	0	0	0	0	0	0	0
/temp/pages/_includes/artifacts.xml	279525	-	-	-	-	-	-	-	-	-	-	-	-	-	-	-	-	-	-	-	-	2	0	0	0	0	0	0	0
